title,url,date,mentions,dive_sites,excerpt
The Cuttlefish Facts: fish alien or something else? - Diving liveaboard in Thailand and Myanmar,https://www.thesmilingseahorse.com/blog/the-cuttlefish-fish-alien-or-something-else,,"shark, whale shark","Richelieu Rock, Koh Lipe, Koh Phi Phi, Koh Lanta, Tarutao National Park","
 
 
 The Cuttlefish Facts: fish alien or something else? - Diving liveaboard in Thailand and Myanmar 
 
 
 
 
 
 
 
 
 
 
 
 
 
 
 
 
 
 
 
 
 
 
 
 
 
 
 
 
 
 
 
 
 
 
 
 
 
 
 
 
 
 
 
 
 
 
 
 
 
 
 
 
 
 
 
 
 
 
 
 
 
 
 
 
 
 
 
 
 
 
 
 
 
 
 
 
 
 
 
 
 
 
 
 
 
 
 
 
 
				When & Where
		..."
Tigertail seahorse - Diving liveaboard in Thailand and Myanmar,https://www.thesmilingseahorse.com/blog/what-do-you-know-about-the-tiger-tail-seahorse,,"shark, whale shark","Richelieu Rock, Koh Lipe, Koh Phi Phi, Koh Lanta, Tarutao National Park","
 
 
 Tigertail seahorse - Diving liveaboard in Thailand and Myanmar 
 
 
 
 
 
 
 
 
 
 
 
 
 
 
 
 
 
 
 
 
 
 
 
 
 
 
 
 
 
 
 
 
 
 
 
 
 
 
 
 
 
 
 
 
 
 
 
 
 
 
 
 
 
 
 
 
 
 
 
 
 
 
 
 
 
 
 
 
 
 
 
 
 
 
 
 
 
 
 
 
 
 
 
 
 
 
 
 
 
				When & Where
			 
 
 
 
 
 
			Schedule and Pric..."
Discover the magnificent species of sharks that you may encounter in the Andaman Sea. - Diving liveaboard in Thailand and Myanmar,https://www.thesmilingseahorse.com/blog/discover-the-magnificent-species-of-sharks-that-you-may-encounter-in-the-andaman-sea,,"shark, ray, whale shark, reef shark, tiger shark, nurse shark, silvertip, blacktip, whitetip","Elephant Head Rock, Richelieu Rock, Hin Muang, Koh Lipe, Koh Phi Phi, Koh Lanta, Tarutao National Park, Square Rock, Volcano","
 
 
 Discover the magnificent species of sharks that you may encounter in the Andaman Sea. - Diving liveaboard in Thailand and Myanmar 
 
 
 
 
 
 
 
 
 
 
 
 
 
 
 
 
 
 
 
 
 
 
 
 
 
 
 
 
 
 
 
 
 
 
 
 
 
 
 
 
 
 
 
 
 
 
 
 
 
 
 
 
 
 
 
 
 
 
 
 
 
 
 
 
 
 
 
 
 
 
 
 
 
 
 
 
 
 
 
 
 
 ..."
All about garden eels: FAQ and photos - Diving liveaboard in Thailand and Myanmar,https://www.thesmilingseahorse.com/blog/the-wonderful-garden-eels-faq,,"shark, whale shark","Richelieu Rock, Koh Lipe, Koh Phi Phi, Koh Lanta, Tarutao National Park","
 
 
 All about garden eels: FAQ and photos - Diving liveaboard in Thailand and Myanmar 
 
 
 
 
 
 
 
 
 
 
 
 
 
 
 
 
 
 
 
 
 
 
 
 
 
 
 
 
 
 
 
 
 
 
 
 
 
 
 
 
 
 
 
 
 
 
 
 
 
 
 
 
 
 
 
 
 
 
 
 
 
 
 
 
 
 
 
 
 
 
 
 
 
 
 
 
 
 
 
 
 
 
 
 
 
 
 
 
 
				When & Where
			 
 
 
 
 
 
	..."
About giant oceanic manta - Diving liveaboard in Thailand and Myanmar,https://www.thesmilingseahorse.com/blog/giant-oceanic-manta-ray-faq-factsheet-and-photos,,"shark, ray, manta, mobula, whale shark","Richelieu Rock, Koh Lipe, Koh Phi Phi, Koh Lanta, Tarutao National Park, Black Rock","
 
 
 About giant oceanic manta - Diving liveaboard in Thailand and Myanmar 
 
 
 
 
 
 
 
 
 
 
 
 
 
 
 
 
 
 
 
 
 
 
 
 
 
 
 
 
 
 
 
 
 
 
 
 
 
 
 
 
 
 
 
 
 
 
 
 
 
 
 
 
 
 
 
 
 
 
 
 
 
 
 
 
 
 
 
 
 
 
 
 
 
 
 
 
 
 
 
				When & Where
			 
 
 
 
 
 
			Schedule and Prices
		 
 
 
 
..."
 Blog about diving in Asia - Diving liveaboard in Thailand and Myanmar,https://www.thesmilingseahorse.com/blog/previous/2,,"shark, ray, manta, whale shark, reef shark, nurse shark, silvertip, blacktip, whitetip, stingray, eagle ray","Koh Chi, Elephant Head Rock, Donald Duck Bay, West of Eden, Richelieu Rock, Koh Bon, Koh Tachai, Hin Daeng, Hin Muang, Koh Haa, Koh Lipe, Koh Phi Phi, Koh Lanta, Tarutao National Park, North Twin, Western Rocky, High Rock, Shark Cave, Square Rock, Submarine, Volcano, Silvertip Bank, Sea Fan Forest","
 
 
  Blog about diving in Asia - Diving liveaboard in Thailand and Myanmar 
 
 
 
 
 
 
 
 
 
 
 
 
 
 
 
 
 
 
 
 
 
 
 
 
 
 
 
 
 
 
 
 
 
 
 
 
 
 
 
 
 
 
 
 
 
 
 
 
 
 
 
 
 
 
 
 
 
 
 
 
 
 
 
 
 
 
 
 
 
 
 
 
 
 
 
 
 
 
 
 
 
 
 
 
 
 
 
 
				When & Where
			 
 
 
 
 
 
			Schedule an..."
 Blog about diving in Asia - Diving liveaboard in Thailand and Myanmar,https://www.thesmilingseahorse.com/blog/category/all,,"shark, ray, manta, mobula, whale shark, reef shark, nurse shark, silvertip, blacktip, stingray, eagle ray","Koh Chi, Elephant Head Rock, West of Eden, Richelieu Rock, Koh Bon, Koh Tachai, Hin Daeng, Hin Muang, Koh Lipe, Koh Phi Phi, Koh Lanta, Tarutao National Park, Black Rock, North Twin, South Twin, Western Rocky, High Rock, Shark Cave, Square Rock, Submarine, Silvertip Bank, Sea Fan Forest, Coral Bank","
 
 
  Blog about diving in Asia - Diving liveaboard in Thailand and Myanmar 
 
 
 
 
 
 
 
 
 
 
 
 
 
 
 
 
 
 
 
 
 
 
 
 
 
 
 
 
 
 
 
 
 
 
 
 
 
 
 
 
 
 
 
 
 
 
 
 
 
 
 
 
 
 
 
 
 
 
 
 
 
 
 
 
 
 
 
 
 
 
 
 
 
 
 
 
 
 
 
 
 
 
 
 
 
 
 
 
				When & Where
			 
 
 
 
 
 
			Schedule an..."
 Blog about diving in Asia - Diving liveaboard in Thailand and Myanmar,https://www.thesmilingseahorse.com/blog/category/burma-banks,,"shark, ray, manta, whale shark, reef shark, nurse shark, silvertip, blacktip, stingray, eagle ray","Richelieu Rock, Koh Lipe, Koh Phi Phi, Koh Lanta, Tarutao National Park, Black Rock, North Twin, Western Rocky, High Rock, Shark Cave, Square Rock, Submarine, Volcano, Silvertip Bank, Rainbow Reef, Sea Fan Forest, Coral Bank","
 
 
  Blog about diving in Asia - Diving liveaboard in Thailand and Myanmar 
 
 
 
 
 
 
 
 
 
 
 
 
 
 
 
 
 
 
 
 
 
 
 
 
 
 
 
 
 
 
 
 
 
 
 
 
 
 
 
 
 
 
 
 
 
 
 
 
 
 
 
 
 
 
 
 
 
 
 
 
 
 
 
 
 
 
 
 
 
 
 
 
 
 
 
 
 
 
 
 
 
 
 
 
 
 
 
 
				When & Where
			 
 
 
 
 
 
			Schedule an..."
 Blog about diving in Asia - Diving liveaboard in Thailand and Myanmar,https://www.thesmilingseahorse.com/blog/category/diving-burmamyanmar,,"shark, ray, manta, whale shark, reef shark, nurse shark, silvertip, blacktip, stingray, eagle ray","Richelieu Rock, Koh Lipe, Koh Phi Phi, Koh Lanta, Tarutao National Park, Black Rock, North Twin, South Twin, Western Rocky, High Rock, Shark Cave, Square Rock, Submarine, Volcano, Silvertip Bank, Sea Fan Forest, Coral Bank","
 
 
  Blog about diving in Asia - Diving liveaboard in Thailand and Myanmar 
 
 
 
 
 
 
 
 
 
 
 
 
 
 
 
 
 
 
 
 
 
 
 
 
 
 
 
 
 
 
 
 
 
 
 
 
 
 
 
 
 
 
 
 
 
 
 
 
 
 
 
 
 
 
 
 
 
 
 
 
 
 
 
 
 
 
 
 
 
 
 
 
 
 
 
 
 
 
 
 
 
 
 
 
 
 
 
 
				When & Where
			 
 
 
 
 
 
			Schedule an..."
 Blog about diving in Asia - Diving liveaboard in Thailand and Myanmar,https://www.thesmilingseahorse.com/blog/category/diving-in-thailand,,"shark, ray, mobula, whale shark, reef shark, blacktip, whitetip, stingray, eagle ray","Koh Chi, Elephant Head Rock, Donald Duck Bay, West of Eden, Richelieu Rock, Koh Bon, Koh Tachai, Hin Daeng, Hin Muang, Koh Haa, Koh Lipe, Koh Phi Phi, Koh Lanta, Tarutao National Park","
 
 
  Blog about diving in Asia - Diving liveaboard in Thailand and Myanmar 
 
 
 
 
 
 
 
 
 
 
 
 
 
 
 
 
 
 
 
 
 
 
 
 
 
 
 
 
 
 
 
 
 
 
 
 
 
 
 
 
 
 
 
 
 
 
 
 
 
 
 
 
 
 
 
 
 
 
 
 
 
 
 
 
 
 
 
 
 
 
 
 
 
 
 
 
 
 
 
 
 
 
 
 
 
 
 
 
				When & Where
			 
 
 
 
 
 
			Schedule an..."
 Blog about diving in Asia - Diving liveaboard in Thailand and Myanmar,https://www.thesmilingseahorse.com/blog/category/diving-news,,"shark, manta, whale shark, tiger shark","Elephant Head Rock, Richelieu Rock, Koh Lipe, Koh Phi Phi, Koh Lanta, Tarutao National Park","
 
 
  Blog about diving in Asia - Diving liveaboard in Thailand and Myanmar 
 
 
 
 
 
 
 
 
 
 
 
 
 
 
 
 
 
 
 
 
 
 
 
 
 
 
 
 
 
 
 
 
 
 
 
 
 
 
 
 
 
 
 
 
 
 
 
 
 
 
 
 
 
 
 
 
 
 
 
 
 
 
 
 
 
 
 
 
 
 
 
 
 
 
 
 
 
 
				When & Where
			 
 
 
 
 
 
			Schedule and Prices
		 
 
 
 
 ..."
 Blog about diving in Asia - Diving liveaboard in Thailand and Myanmar,https://www.thesmilingseahorse.com/blog/category/environment protection,,"shark, ray, manta, whale shark, reef shark, nurse shark, silvertip, blacktip, stingray, eagle ray","Richelieu Rock, Koh Lipe, Koh Phi Phi, Koh Lanta, Tarutao National Park, Black Rock, North Twin, South Twin, Western Rocky, High Rock, Shark Cave, Square Rock, Submarine, Silvertip Bank, Sea Fan Forest, Coral Bank","
 
 
  Blog about diving in Asia - Diving liveaboard in Thailand and Myanmar 
 
 
 
 
 
 
 
 
 
 
 
 
 
 
 
 
 
 
 
 
 
 
 
 
 
 
 
 
 
 
 
 
 
 
 
 
 
 
 
 
 
 
 
 
 
 
 
 
 
 
 
 
 
 
 
 
 
 
 
 
 
 
 
 
 
 
 
 
 
 
 
 
 
 
 
 
 
 
 
 
 
 
 
 
 
 
 
 
				When & Where
			 
 
 
 
 
 
			Schedule an..."
 Blog about diving in Asia - Diving liveaboard in Thailand and Myanmar,https://www.thesmilingseahorse.com/blog/category/fun-facts,,"shark, ray, whale shark, tiger shark, nurse shark","Richelieu Rock, Koh Bon, Koh Lipe, Koh Phi Phi, Koh Lanta, Tarutao National Park, Black Rock","
 
 
  Blog about diving in Asia - Diving liveaboard in Thailand and Myanmar 
 
 
 
 
 
 
 
 
 
 
 
 
 
 
 
 
 
 
 
 
 
 
 
 
 
 
 
 
 
 
 
 
 
 
 
 
 
 
 
 
 
 
 
 
 
 
 
 
 
 
 
 
 
 
 
 
 
 
 
 
 
 
 
 
 
 
 
 
 
 
 
 
 
 
 
 
 
 
 
 
 
 
 
 
 
 
 
 
				When & Where
			 
 
 
 
 
 
			Schedule an..."
 Blog about diving in Asia - Diving liveaboard in Thailand and Myanmar,https://www.thesmilingseahorse.com/blog/category/in the press,,"shark, ray, whale shark","Richelieu Rock, Koh Bon, Koh Tachai, Koh Lipe, Koh Phi Phi, Koh Lanta, Tarutao National Park, Western Rocky, Shark Cave","
 
 
  Blog about diving in Asia - Diving liveaboard in Thailand and Myanmar 
 
 
 
 
 
 
 
 
 
 
 
 
 
 
 
 
 
 
 
 
 
 
 
 
 
 
 
 
 
 
 
 
 
 
 
 
 
 
 
 
 
 
 
 
 
 
 
 
 
 
 
 
 
 
 
 
 
 
 
 
 
 
 
 
 
 
 
 
 
 
 
 
 
 
 
 
 
 
 
 
 
 
 
 
 
 
 
 
				When & Where
			 
 
 
 
 
 
			Schedule an..."
 Blog about diving in Asia - Diving liveaboard in Thailand and Myanmar,https://www.thesmilingseahorse.com/blog/category/marine-life-fish-id5ae6b9402d,,"shark, ray, whale shark, reef shark, tiger shark, nurse shark, silvertip, blacktip, whitetip","Elephant Head Rock, Richelieu Rock, Koh Bon, Hin Muang, Koh Lipe, Koh Phi Phi, Koh Lanta, Tarutao National Park, Black Rock, Square Rock, Volcano","
 
 
  Blog about diving in Asia - Diving liveaboard in Thailand and Myanmar 
 
 
 
 
 
 
 
 
 
 
 
 
 
 
 
 
 
 
 
 
 
 
 
 
 
 
 
 
 
 
 
 
 
 
 
 
 
 
 
 
 
 
 
 
 
 
 
 
 
 
 
 
 
 
 
 
 
 
 
 
 
 
 
 
 
 
 
 
 
 
 
 
 
 
 
 
 
 
 
 
 
 
 
 
 
 
 
 
				When & Where
			 
 
 
 
 
 
			Schedule an..."
 Blog about diving in Asia - Diving liveaboard in Thailand and Myanmar,https://www.thesmilingseahorse.com/blog/category/mergui archipelago,,"shark, ray, manta, whale shark, reef shark, nurse shark, silvertip, blacktip, stingray, eagle ray","Richelieu Rock, Koh Lipe, Koh Phi Phi, Koh Lanta, Tarutao National Park, Black Rock, North Twin, South Twin, Western Rocky, High Rock, Shark Cave, Square Rock, Submarine, Volcano, Silvertip Bank, Rainbow Reef, Sea Fan Forest, Coral Bank","
 
 
  Blog about diving in Asia - Diving liveaboard in Thailand and Myanmar 
 
 
 
 
 
 
 
 
 
 
 
 
 
 
 
 
 
 
 
 
 
 
 
 
 
 
 
 
 
 
 
 
 
 
 
 
 
 
 
 
 
 
 
 
 
 
 
 
 
 
 
 
 
 
 
 
 
 
 
 
 
 
 
 
 
 
 
 
 
 
 
 
 
 
 
 
 
 
 
 
 
 
 
 
 
 
 
 
				When & Where
			 
 
 
 
 
 
			Schedule an..."
 Blog about diving in Asia - Diving liveaboard in Thailand and Myanmar,https://www.thesmilingseahorse.com/blog/category/most-popular,,"shark, ray, manta, whale shark, nurse shark","Richelieu Rock, Koh Lipe, Koh Phi Phi, Koh Lanta, Tarutao National Park, Western Rocky, High Rock, Shark Cave, Volcano","
 
 
  Blog about diving in Asia - Diving liveaboard in Thailand and Myanmar 
 
 
 
 
 
 
 
 
 
 
 
 
 
 
 
 
 
 
 
 
 
 
 
 
 
 
 
 
 
 
 
 
 
 
 
 
 
 
 
 
 
 
 
 
 
 
 
 
 
 
 
 
 
 
 
 
 
 
 
 
 
 
 
 
 
 
 
 
 
 
 
 
 
 
 
 
 
 
 
 
 
 
 
 
 
 
 
 
				When & Where
			 
 
 
 
 
 
			Schedule an..."
 Blog about diving in Asia - Diving liveaboard in Thailand and Myanmar,https://www.thesmilingseahorse.com/blog/category/north-andaman,,"shark, ray, manta, mobula, whale shark, reef shark, blacktip, whitetip, stingray","Koh Chi, Torinla Rock, Elephant Head Rock, Donald Duck Bay, West of Eden, Richelieu Rock, Koh Bon, Koh Tachai, Hin Daeng, Hin Muang, Koh Haa, Koh Lipe, Koh Phi Phi, Koh Lanta, Tarutao National Park","
 
 
  Blog about diving in Asia - Diving liveaboard in Thailand and Myanmar 
 
 
 
 
 
 
 
 
 
 
 
 
 
 
 
 
 
 
 
 
 
 
 
 
 
 
 
 
 
 
 
 
 
 
 
 
 
 
 
 
 
 
 
 
 
 
 
 
 
 
 
 
 
 
 
 
 
 
 
 
 
 
 
 
 
 
 
 
 
 
 
 
 
 
 
 
 
 
 
 
 
 
 
 
 
 
 
 
				When & Where
			 
 
 
 
 
 
			Schedule an..."
 Blog about diving in Asia - Diving liveaboard in Thailand and Myanmar,https://www.thesmilingseahorse.com/blog/category/reviews,,"shark, ray, whale shark, eagle ray","Koh Chi, Richelieu Rock, Koh Bon, Koh Tachai, Koh Lipe, Koh Phi Phi, Koh Lanta, Tarutao National Park, Black Rock, North Twin, Western Rocky, High Rock, Shark Cave, Macleod Island","
 
 
  Blog about diving in Asia - Diving liveaboard in Thailand and Myanmar 
 
 
 
 
 
 
 
 
 
 
 
 
 
 
 
 
 
 
 
 
 
 
 
 
 
 
 
 
 
 
 
 
 
 
 
 
 
 
 
 
 
 
 
 
 
 
 
 
 
 
 
 
 
 
 
 
 
 
 
 
 
 
 
 
 
 
 
 
 
 
 
 
 
 
 
 
 
 
 
 
 
 
 
 
 
 
 
 
				When & Where
			 
 
 
 
 
 
			Schedule an..."
 Blog about diving in Asia - Diving liveaboard in Thailand and Myanmar,https://www.thesmilingseahorse.com/blog/category/richelieu-rock,,"shark, ray, manta, whale shark, reef shark, blacktip, stingray, eagle ray","Koh Chi, Torinla Rock, Elephant Head Rock, West of Eden, Richelieu Rock, Koh Bon, Koh Tachai, Hin Daeng, Hin Muang, Koh Haa, Koh Lipe, Koh Phi Phi, Koh Lanta, Tarutao National Park","
 
 
  Blog about diving in Asia - Diving liveaboard in Thailand and Myanmar 
 
 
 
 
 
 
 
 
 
 
 
 
 
 
 
 
 
 
 
 
 
 
 
 
 
 
 
 
 
 
 
 
 
 
 
 
 
 
 
 
 
 
 
 
 
 
 
 
 
 
 
 
 
 
 
 
 
 
 
 
 
 
 
 
 
 
 
 
 
 
 
 
 
 
 
 
 
 
 
 
 
 
 
 
 
 
 
 
				When & Where
			 
 
 
 
 
 
			Schedule an..."
 Blog about diving in Asia - Diving liveaboard in Thailand and Myanmar,https://www.thesmilingseahorse.com/blog/category/scuba-diving-tips,,"shark, ray, whale shark, nurse shark","Richelieu Rock, Koh Lipe, Koh Phi Phi, Koh Lanta, Tarutao National Park","
 
 
  Blog about diving in Asia - Diving liveaboard in Thailand and Myanmar 
 
 
 
 
 
 
 
 
 
 
 
 
 
 
 
 
 
 
 
 
 
 
 
 
 
 
 
 
 
 
 
 
 
 
 
 
 
 
 
 
 
 
 
 
 
 
 
 
 
 
 
 
 
 
 
 
 
 
 
 
 
 
 
 
 
 
 
 
 
 
 
 
 
 
 
 
 
 
 
 
 
 
 
 
 
 
 
 
				When & Where
			 
 
 
 
 
 
			Schedule an..."
 Blog about diving in Asia - Diving liveaboard in Thailand and Myanmar,https://www.thesmilingseahorse.com/blog/category/similan-islands,,"shark, ray, manta, mobula, whale shark, reef shark, blacktip, whitetip, stingray, eagle ray","Koh Chi, Torinla Rock, Elephant Head Rock, West of Eden, Richelieu Rock, Koh Bon, Koh Tachai, Hin Daeng, Hin Muang, Koh Haa, Koh Lipe, Koh Phi Phi, Koh Lanta, Tarutao National Park","
 
 
  Blog about diving in Asia - Diving liveaboard in Thailand and Myanmar 
 
 
 
 
 
 
 
 
 
 
 
 
 
 
 
 
 
 
 
 
 
 
 
 
 
 
 
 
 
 
 
 
 
 
 
 
 
 
 
 
 
 
 
 
 
 
 
 
 
 
 
 
 
 
 
 
 
 
 
 
 
 
 
 
 
 
 
 
 
 
 
 
 
 
 
 
 
 
 
 
 
 
 
 
 
 
 
 
				When & Where
			 
 
 
 
 
 
			Schedule an..."
 Blog about diving in Asia - Diving liveaboard in Thailand and Myanmar,https://www.thesmilingseahorse.com/blog/category/south-andaman,,"shark, ray, manta, mobula, whale shark, reef shark, blacktip, whitetip, stingray, eagle ray","Koh Chi, Torinla Rock, Elephant Head Rock, Deep Six, West of Eden, Richelieu Rock, Koh Bon, Koh Tachai, Hin Daeng, Hin Muang, Koh Haa, Koh Lipe, Koh Phi Phi, Koh Lanta, Tarutao National Park","
 
 
  Blog about diving in Asia - Diving liveaboard in Thailand and Myanmar 
 
 
 
 
 
 
 
 
 
 
 
 
 
 
 
 
 
 
 
 
 
 
 
 
 
 
 
 
 
 
 
 
 
 
 
 
 
 
 
 
 
 
 
 
 
 
 
 
 
 
 
 
 
 
 
 
 
 
 
 
 
 
 
 
 
 
 
 
 
 
 
 
 
 
 
 
 
 
 
 
 
 
 
 
 
 
 
 
				When & Where
			 
 
 
 
 
 
			Schedule an..."
 Blog about diving in Asia - Diving liveaboard in Thailand and Myanmar,https://www.thesmilingseahorse.com/blog/category/surin islands,,"shark, ray, mobula, whale shark, reef shark, blacktip, whitetip, stingray, eagle ray","Koh Chi, Elephant Head Rock, Donald Duck Bay, West of Eden, Richelieu Rock, Koh Bon, Koh Tachai, Hin Daeng, Hin Muang, Koh Haa, Koh Lipe, Koh Phi Phi, Koh Lanta, Tarutao National Park","
 
 
  Blog about diving in Asia - Diving liveaboard in Thailand and Myanmar 
 
 
 
 
 
 
 
 
 
 
 
 
 
 
 
 
 
 
 
 
 
 
 
 
 
 
 
 
 
 
 
 
 
 
 
 
 
 
 
 
 
 
 
 
 
 
 
 
 
 
 
 
 
 
 
 
 
 
 
 
 
 
 
 
 
 
 
 
 
 
 
 
 
 
 
 
 
 
 
 
 
 
 
 
 
 
 
 
				When & Where
			 
 
 
 
 
 
			Schedule an..."
 Blog about diving in Asia - Diving liveaboard in Thailand and Myanmar,https://www.thesmilingseahorse.com/blog/category/trip-reports,,"shark, ray, manta, mobula, whale shark, reef shark, nurse shark, silvertip, blacktip, stingray, eagle ray","Koh Chi, Elephant Head Rock, West of Eden, Richelieu Rock, Koh Bon, Koh Tachai, Hin Daeng, Hin Muang, Koh Lipe, Koh Phi Phi, Koh Lanta, Tarutao National Park, Black Rock, North Twin, South Twin, Western Rocky, High Rock, Shark Cave, Square Rock, Submarine, Silvertip Bank, Sea Fan Forest, Coral Bank","
 
 
  Blog about diving in Asia - Diving liveaboard in Thailand and Myanmar 
 
 
 
 
 
 
 
 
 
 
 
 
 
 
 
 
 
 
 
 
 
 
 
 
 
 
 
 
 
 
 
 
 
 
 
 
 
 
 
 
 
 
 
 
 
 
 
 
 
 
 
 
 
 
 
 
 
 
 
 
 
 
 
 
 
 
 
 
 
 
 
 
 
 
 
 
 
 
 
 
 
 
 
 
 
 
 
 
				When & Where
			 
 
 
 
 
 
			Schedule an..."
 Blog about diving in Asia - Diving liveaboard in Thailand and Myanmar,https://www.thesmilingseahorse.com/blog/category/underwater-photography,,"shark, ray, whale shark, reef shark, blacktip, stingray, eagle ray","Elephant Head Rock, West of Eden, Richelieu Rock, Koh Bon, Koh Tachai, Koh Lipe, Koh Phi Phi, Koh Lanta, Tarutao National Park","
 
 
  Blog about diving in Asia - Diving liveaboard in Thailand and Myanmar 
 
 
 
 
 
 
 
 
 
 
 
 
 
 
 
 
 
 
 
 
 
 
 
 
 
 
 
 
 
 
 
 
 
 
 
 
 
 
 
 
 
 
 
 
 
 
 
 
 
 
 
 
 
 
 
 
 
 
 
 
 
 
 
 
 
 
 
 
 
 
 
 
 
 
 
 
 
 
 
 
 
 
 
 
 
 
 
 
				When & Where
			 
 
 
 
 
 
			Schedule an..."
 Blog about diving in Asia - Diving liveaboard in Thailand and Myanmar,https://www.thesmilingseahorse.com/blog/archives/03-2025,,"shark, ray, manta, mobula, whale shark, reef shark, blacktip, stingray, eagle ray","Koh Chi, Elephant Head Rock, West of Eden, Richelieu Rock, Koh Bon, Koh Tachai, Hin Daeng, Hin Muang, Koh Lipe, Koh Phi Phi, Koh Lanta, Tarutao National Park, Black Rock, South Twin, Western Rocky, High Rock, Shark Cave, Square Rock, Submarine, Sea Fan Forest","
 
 
  Blog about diving in Asia - Diving liveaboard in Thailand and Myanmar 
 
 
 
 
 
 
 
 
 
 
 
 
 
 
 
 
 
 
 
 
 
 
 
 
 
 
 
 
 
 
 
 
 
 
 
 
 
 
 
 
 
 
 
 
 
 
 
 
 
 
 
 
 
 
 
 
 
 
 
 
 
 
 
 
 
 
 
 
 
 
 
 
 
 
 
 
 
 
 
 
 
 
 
 
 
 
 
 
				When & Where
			 
 
 
 
 
 
			Schedule an..."
 Blog about diving in Asia - Diving liveaboard in Thailand and Myanmar,https://www.thesmilingseahorse.com/blog/archives/02-2025,,"shark, ray, manta, whale shark, reef shark, nurse shark, silvertip, blacktip, stingray, eagle ray","Koh Chi, Elephant Head Rock, West of Eden, Richelieu Rock, Koh Bon, Koh Tachai, Koh Lipe, Koh Phi Phi, Koh Lanta, Tarutao National Park, North Twin, Western Rocky, High Rock, Shark Cave, Square Rock, Submarine, Silvertip Bank, Coral Bank","
 
 
  Blog about diving in Asia - Diving liveaboard in Thailand and Myanmar 
 
 
 
 
 
 
 
 
 
 
 
 
 
 
 
 
 
 
 
 
 
 
 
 
 
 
 
 
 
 
 
 
 
 
 
 
 
 
 
 
 
 
 
 
 
 
 
 
 
 
 
 
 
 
 
 
 
 
 
 
 
 
 
 
 
 
 
 
 
 
 
 
 
 
 
 
 
 
 
 
 
 
 
 
 
 
 
 
				When & Where
			 
 
 
 
 
 
			Schedule an..."
 Blog about diving in Asia - Diving liveaboard in Thailand and Myanmar,https://www.thesmilingseahorse.com/blog/archives/01-2025,,"shark, ray, whale shark, reef shark, nurse shark, silvertip, blacktip, eagle ray","Elephant Head Rock, Donald Duck Bay, West of Eden, Richelieu Rock, Koh Bon, Koh Tachai, Koh Lipe, Koh Phi Phi, Koh Lanta, Tarutao National Park, North Twin, Western Rocky, High Rock, Shark Cave, Square Rock, Submarine, Volcano, Silvertip Bank","
 
 
  Blog about diving in Asia - Diving liveaboard in Thailand and Myanmar 
 
 
 
 
 
 
 
 
 
 
 
 
 
 
 
 
 
 
 
 
 
 
 
 
 
 
 
 
 
 
 
 
 
 
 
 
 
 
 
 
 
 
 
 
 
 
 
 
 
 
 
 
 
 
 
 
 
 
 
 
 
 
 
 
 
 
 
 
 
 
 
 
 
 
 
 
 
 
 
 
 
 
 
 
 
 
 
 
				When & Where
			 
 
 
 
 
 
			Schedule an..."
 Blog about diving in Asia - Diving liveaboard in Thailand and Myanmar,https://www.thesmilingseahorse.com/blog/archives/12-2024,,"shark, ray, manta, whale shark, reef shark, nurse shark, silvertip, blacktip, whitetip, stingray, eagle ray","Koh Chi, Elephant Head Rock, West of Eden, Richelieu Rock, Koh Bon, Koh Tachai, Hin Daeng, Hin Muang, Koh Haa, Koh Lipe, Koh Phi Phi, Koh Lanta, Tarutao National Park, Western Rocky, High Rock, Shark Cave, Square Rock, Submarine, Silvertip Bank, Sea Fan Forest","
 
 
  Blog about diving in Asia - Diving liveaboard in Thailand and Myanmar 
 
 
 
 
 
 
 
 
 
 
 
 
 
 
 
 
 
 
 
 
 
 
 
 
 
 
 
 
 
 
 
 
 
 
 
 
 
 
 
 
 
 
 
 
 
 
 
 
 
 
 
 
 
 
 
 
 
 
 
 
 
 
 
 
 
 
 
 
 
 
 
 
 
 
 
 
 
 
 
 
 
 
 
 
 
 
 
 
				When & Where
			 
 
 
 
 
 
			Schedule an..."
 Blog about diving in Asia - Diving liveaboard in Thailand and Myanmar,https://www.thesmilingseahorse.com/blog/archives/11-2024,,"shark, ray, whale shark, reef shark, nurse shark, silvertip, blacktip, eagle ray","Koh Chi, Richelieu Rock, Koh Bon, Koh Tachai, Koh Lipe, Koh Phi Phi, Koh Lanta, Tarutao National Park, Black Rock, North Twin, Western Rocky, High Rock, Shark Cave, Square Rock, Volcano, Silvertip Bank, Rainbow Reef, Sea Fan Forest, Coral Bank","
 
 
  Blog about diving in Asia - Diving liveaboard in Thailand and Myanmar 
 
 
 
 
 
 
 
 
 
 
 
 
 
 
 
 
 
 
 
 
 
 
 
 
 
 
 
 
 
 
 
 
 
 
 
 
 
 
 
 
 
 
 
 
 
 
 
 
 
 
 
 
 
 
 
 
 
 
 
 
 
 
 
 
 
 
 
 
 
 
 
 
 
 
 
 
 
 
 
 
 
 
 
 
 
 
 
 
				When & Where
			 
 
 
 
 
 
			Schedule an..."
 Blog about diving in Asia - Diving liveaboard in Thailand and Myanmar,https://www.thesmilingseahorse.com/blog/archives/10-2024,,"shark, ray, manta, whale shark, reef shark","Koh Chi, Torinla Rock, Richelieu Rock, Koh Bon, Koh Tachai, Koh Lipe, Koh Phi Phi, Koh Lanta, Tarutao National Park","
 
 
  Blog about diving in Asia - Diving liveaboard in Thailand and Myanmar 
 
 
 
 
 
 
 
 
 
 
 
 
 
 
 
 
 
 
 
 
 
 
 
 
 
 
 
 
 
 
 
 
 
 
 
 
 
 
 
 
 
 
 
 
 
 
 
 
 
 
 
 
 
 
 
 
 
 
 
 
 
 
 
 
 
 
 
 
 
 
 
 
 
 
 
 
 
 
 
 
 
 
 
 
 
 
 
 
				When & Where
			 
 
 
 
 
 
			Schedule an..."
 Blog about diving in Asia - Diving liveaboard in Thailand and Myanmar,https://www.thesmilingseahorse.com/blog/archives/09-2024,,"shark, ray, whale shark, tiger shark","Richelieu Rock, Koh Bon, Koh Lipe, Koh Phi Phi, Koh Lanta, Tarutao National Park, Black Rock","
 
 
  Blog about diving in Asia - Diving liveaboard in Thailand and Myanmar 
 
 
 
 
 
 
 
 
 
 
 
 
 
 
 
 
 
 
 
 
 
 
 
 
 
 
 
 
 
 
 
 
 
 
 
 
 
 
 
 
 
 
 
 
 
 
 
 
 
 
 
 
 
 
 
 
 
 
 
 
 
 
 
 
 
 
 
 
 
 
 
 
 
 
 
 
 
 
 
 
 
 
 
 
 
 
 
 
				When & Where
			 
 
 
 
 
 
			Schedule an..."
 Blog about diving in Asia - Diving liveaboard in Thailand and Myanmar,https://www.thesmilingseahorse.com/blog/archives/06-2024,,"shark, whale shark, nurse shark","Richelieu Rock, Koh Lipe, Koh Phi Phi, Koh Lanta, Tarutao National Park, Western Rocky, High Rock, Shark Cave, Volcano","
 
 
  Blog about diving in Asia - Diving liveaboard in Thailand and Myanmar 
 
 
 
 
 
 
 
 
 
 
 
 
 
 
 
 
 
 
 
 
 
 
 
 
 
 
 
 
 
 
 
 
 
 
 
 
 
 
 
 
 
 
 
 
 
 
 
 
 
 
 
 
 
 
 
 
 
 
 
 
 
 
 
 
 
 
 
 
 
 
 
 
 
 
 
 
 
 
 
 
 
 
 
 
 
 
 
 
				When & Where
			 
 
 
 
 
 
			Schedule an..."
 Blog about diving in Asia - Diving liveaboard in Thailand and Myanmar,https://www.thesmilingseahorse.com/blog/archives/05-2024,,"shark, ray, manta, mobula, whale shark, reef shark, nurse shark, bull shark, stingray, eagle ray","Elephant Head Rock, West of Eden, Richelieu Rock, Koh Bon, Koh Tachai, Koh Lipe, Koh Phi Phi, Koh Lanta, Tarutao National Park, Black Rock, North Twin, South Twin, Western Rocky, High Rock, Shark Cave, Volcano","
 
 
  Blog about diving in Asia - Diving liveaboard in Thailand and Myanmar 
 
 
 
 
 
 
 
 
 
 
 
 
 
 
 
 
 
 
 
 
 
 
 
 
 
 
 
 
 
 
 
 
 
 
 
 
 
 
 
 
 
 
 
 
 
 
 
 
 
 
 
 
 
 
 
 
 
 
 
 
 
 
 
 
 
 
 
 
 
 
 
 
 
 
 
 
 
 
 
 
 
 
 
 
 
 
 
 
				When & Where
			 
 
 
 
 
 
			Schedule an..."
 Blog about diving in Asia - Diving liveaboard in Thailand and Myanmar,https://www.thesmilingseahorse.com/blog/archives/04-2024,,"shark, ray, manta, whale shark, bull shark, blacktip","West of Eden, Richelieu Rock, Koh Bon, Koh Tachai, Hin Daeng, Hin Muang, Koh Haa, Koh Lipe, Koh Phi Phi, Koh Lanta, Tarutao National Park","
 
 
  Blog about diving in Asia - Diving liveaboard in Thailand and Myanmar 
 
 
 
 
 
 
 
 
 
 
 
 
 
 
 
 
 
 
 
 
 
 
 
 
 
 
 
 
 
 
 
 
 
 
 
 
 
 
 
 
 
 
 
 
 
 
 
 
 
 
 
 
 
 
 
 
 
 
 
 
 
 
 
 
 
 
 
 
 
 
 
 
 
 
 
 
 
 
 
 
 
 
 
 
 
 
 
 
				When & Where
			 
 
 
 
 
 
			Schedule an..."
 Blog about diving in Asia - Diving liveaboard in Thailand and Myanmar,https://www.thesmilingseahorse.com/blog/archives/03-2024,,"shark, ray, manta, whale shark, nurse shark, eagle ray","Torinla Rock, Deep Six, West of Eden, Richelieu Rock, Koh Tachai, Hin Daeng, Hin Muang, Koh Haa, Koh Lipe, Koh Phi Phi, Koh Lanta, Tarutao National Park, Black Rock, Western Rocky, High Rock, Shark Cave","
 
 
  Blog about diving in Asia - Diving liveaboard in Thailand and Myanmar 
 
 
 
 
 
 
 
 
 
 
 
 
 
 
 
 
 
 
 
 
 
 
 
 
 
 
 
 
 
 
 
 
 
 
 
 
 
 
 
 
 
 
 
 
 
 
 
 
 
 
 
 
 
 
 
 
 
 
 
 
 
 
 
 
 
 
 
 
 
 
 
 
 
 
 
 
 
 
 
 
 
 
 
 
 
 
 
 
				When & Where
			 
 
 
 
 
 
			Schedule an..."
 Blog about diving in Asia - Diving liveaboard in Thailand and Myanmar,https://www.thesmilingseahorse.com/blog/archives/02-2024,,"shark, ray, whale shark, reef shark, nurse shark, bull shark, blacktip","West of Eden, Richelieu Rock, Koh Bon, Koh Tachai, Koh Lipe, Koh Phi Phi, Koh Lanta, Tarutao National Park","
 
 
  Blog about diving in Asia - Diving liveaboard in Thailand and Myanmar 
 
 
 
 
 
 
 
 
 
 
 
 
 
 
 
 
 
 
 
 
 
 
 
 
 
 
 
 
 
 
 
 
 
 
 
 
 
 
 
 
 
 
 
 
 
 
 
 
 
 
 
 
 
 
 
 
 
 
 
 
 
 
 
 
 
 
 
 
 
 
 
 
 
 
 
 
 
 
 
 
 
 
 
 
 
 
 
 
				When & Where
			 
 
 
 
 
 
			Schedule an..."
 Blog about diving in Asia - Diving liveaboard in Thailand and Myanmar,https://www.thesmilingseahorse.com/blog/archives/01-2024,,"shark, ray, manta, whale shark, nurse shark, bull shark, stingray, eagle ray","Donald Duck Bay, Deep Six, West of Eden, Rocky Point, Richelieu Rock, Koh Bon, Koh Tachai, Hin Daeng, Hin Muang, Koh Haa, Koh Lipe, Koh Phi Phi, Koh Lanta, Tarutao National Park","
 
 
  Blog about diving in Asia - Diving liveaboard in Thailand and Myanmar 
 
 
 
 
 
 
 
 
 
 
 
 
 
 
 
 
 
 
 
 
 
 
 
 
 
 
 
 
 
 
 
 
 
 
 
 
 
 
 
 
 
 
 
 
 
 
 
 
 
 
 
 
 
 
 
 
 
 
 
 
 
 
 
 
 
 
 
 
 
 
 
 
 
 
 
 
 
 
 
 
 
 
 
 
 
 
 
 
				When & Where
			 
 
 
 
 
 
			Schedule an..."
 Blog about diving in Asia - Diving liveaboard in Thailand and Myanmar,https://www.thesmilingseahorse.com/blog/archives/12-2023,,"shark, ray, manta, mobula, whale shark, reef shark, tiger shark, nurse shark, silvertip, bull shark, blacktip, stingray, eagle ray","Richelieu Rock, Koh Bon, Koh Tachai, Hin Daeng, Hin Muang, Koh Haa, Koh Lipe, Koh Phi Phi, Koh Lanta, Tarutao National Park, Black Rock, North Twin, Western Rocky, High Rock, Shark Cave, Square Rock, Submarine, Volcano","
 
 
  Blog about diving in Asia - Diving liveaboard in Thailand and Myanmar 
 
 
 
 
 
 
 
 
 
 
 
 
 
 
 
 
 
 
 
 
 
 
 
 
 
 
 
 
 
 
 
 
 
 
 
 
 
 
 
 
 
 
 
 
 
 
 
 
 
 
 
 
 
 
 
 
 
 
 
 
 
 
 
 
 
 
 
 
 
 
 
 
 
 
 
 
 
 
 
 
 
 
 
 
 
 
 
 
				When & Where
			 
 
 
 
 
 
			Schedule an..."
 Blog about diving in Asia - Diving liveaboard in Thailand and Myanmar,https://www.thesmilingseahorse.com/blog/archives/11-2023,,"shark, ray, manta, mobula, whale shark, reef shark, nurse shark, stingray","Richelieu Rock, Koh Bon, Koh Lipe, Koh Phi Phi, Koh Lanta, Tarutao National Park, Black Rock, North Twin, South Twin, Shark Cave, Sea Fan Forest","
 
 
  Blog about diving in Asia - Diving liveaboard in Thailand and Myanmar 
 
 
 
 
 
 
 
 
 
 
 
 
 
 
 
 
 
 
 
 
 
 
 
 
 
 
 
 
 
 
 
 
 
 
 
 
 
 
 
 
 
 
 
 
 
 
 
 
 
 
 
 
 
 
 
 
 
 
 
 
 
 
 
 
 
 
 
 
 
 
 
 
 
 
 
 
 
 
 
 
 
 
 
 
 
 
 
 
 
				When & Where
			 
 
 
 
 
 
			Schedule ..."
 Blog about diving in Asia - Diving liveaboard in Thailand and Myanmar,https://www.thesmilingseahorse.com/blog/archives/10-2023,,"shark, ray, whale shark, nurse shark","Richelieu Rock, Koh Lipe, Koh Phi Phi, Koh Lanta, Tarutao National Park","
 
 
  Blog about diving in Asia - Diving liveaboard in Thailand and Myanmar 
 
 
 
 
 
 
 
 
 
 
 
 
 
 
 
 
 
 
 
 
 
 
 
 
 
 
 
 
 
 
 
 
 
 
 
 
 
 
 
 
 
 
 
 
 
 
 
 
 
 
 
 
 
 
 
 
 
 
 
 
 
 
 
 
 
 
 
 
 
 
 
 
 
 
 
 
 
 
 
 
 
 
 
 
 
 
 
 
				When & Where
			 
 
 
 
 
 
			Schedule an..."
 Blog about diving in Asia - Diving liveaboard in Thailand and Myanmar,https://www.thesmilingseahorse.com/blog/archives/09-2023,,"shark, ray, whale shark","Richelieu Rock, Koh Lipe, Koh Phi Phi, Koh Lanta, Tarutao National Park","
 
 
  Blog about diving in Asia - Diving liveaboard in Thailand and Myanmar 
 
 
 
 
 
 
 
 
 
 
 
 
 
 
 
 
 
 
 
 
 
 
 
 
 
 
 
 
 
 
 
 
 
 
 
 
 
 
 
 
 
 
 
 
 
 
 
 
 
 
 
 
 
 
 
 
 
 
 
 
 
 
 
 
 
 
 
 
 
 
 
 
 
 
 
 
 
 
 
 
 
 
 
 
 
 
 
 
				When & Where
			 
 
 
 
 
 
			Schedule an..."
 Blog about diving in Asia - Diving liveaboard in Thailand and Myanmar,https://www.thesmilingseahorse.com/blog/archives/08-2023,,"shark, whale shark","Richelieu Rock, Koh Lipe, Koh Phi Phi, Koh Lanta, Tarutao National Park","
 
 
  Blog about diving in Asia - Diving liveaboard in Thailand and Myanmar 
 
 
 
 
 
 
 
 
 
 
 
 
 
 
 
 
 
 
 
 
 
 
 
 
 
 
 
 
 
 
 
 
 
 
 
 
 
 
 
 
 
 
 
 
 
 
 
 
 
 
 
 
 
 
 
 
 
 
 
 
 
 
 
 
 
 
 
 
 
 
 
 
 
 
 
 
 
 
 
 
 
 
 
 
 
 
 
 
				When & Where
			 
 
 
 
 
 
			Schedule an..."
 Blog about diving in Asia - Diving liveaboard in Thailand and Myanmar,https://www.thesmilingseahorse.com/blog/archives/07-2023,,"shark, ray, whale shark, reef shark, tiger shark, nurse shark, silvertip, blacktip, whitetip","Elephant Head Rock, Richelieu Rock, Hin Muang, Koh Lipe, Koh Phi Phi, Koh Lanta, Tarutao National Park, Square Rock, Volcano","
 
 
  Blog about diving in Asia - Diving liveaboard in Thailand and Myanmar 
 
 
 
 
 
 
 
 
 
 
 
 
 
 
 
 
 
 
 
 
 
 
 
 
 
 
 
 
 
 
 
 
 
 
 
 
 
 
 
 
 
 
 
 
 
 
 
 
 
 
 
 
 
 
 
 
 
 
 
 
 
 
 
 
 
 
 
 
 
 
 
 
 
 
 
 
 
 
 
 
 
 
 
 
 
 
 
 
				When & Where
			 
 
 
 
 
 
			Schedule an..."
 Blog about diving in Asia - Diving liveaboard in Thailand and Myanmar,https://www.thesmilingseahorse.com/blog/archives/06-2023,,"shark, ray, whale shark, reef shark, blacktip, stingray","Elephant Head Rock, West of Eden, Richelieu Rock, Koh Bon, Koh Tachai, Hin Daeng, Hin Muang, Koh Haa, Koh Lipe, Koh Phi Phi, Koh Lanta, Tarutao National Park","
 
 
  Blog about diving in Asia - Diving liveaboard in Thailand and Myanmar 
 
 
 
 
 
 
 
 
 
 
 
 
 
 
 
 
 
 
 
 
 
 
 
 
 
 
 
 
 
 
 
 
 
 
 
 
 
 
 
 
 
 
 
 
 
 
 
 
 
 
 
 
 
 
 
 
 
 
 
 
 
 
 
 
 
 
 
 
 
 
 
 
 
 
 
 
 
 
 
 
 
 
 
 
 
 
 
 
				When & Where
			 
 
 
 
 
 
			Schedule an..."
 Blog about diving in Asia - Diving liveaboard in Thailand and Myanmar,https://www.thesmilingseahorse.com/blog/archives/05-2023,,"shark, ray, manta, mobula, whale shark, reef shark, blacktip, stingray","Elephant Head Rock, West of Eden, Richelieu Rock, Koh Bon, Koh Tachai, Koh Lipe, Koh Phi Phi, Koh Lanta, Tarutao National Park","
 
 
  Blog about diving in Asia - Diving liveaboard in Thailand and Myanmar 
 
 
 
 
 
 
 
 
 
 
 
 
 
 
 
 
 
 
 
 
 
 
 
 
 
 
 
 
 
 
 
 
 
 
 
 
 
 
 
 
 
 
 
 
 
 
 
 
 
 
 
 
 
 
 
 
 
 
 
 
 
 
 
 
 
 
 
 
 
 
 
 
 
 
 
 
 
 
 
 
 
 
 
 
 
 
 
 
				When & Where
			 
 
 
 
 
 
			Schedule an..."
 Blog about diving in Asia - Diving liveaboard in Thailand and Myanmar,https://www.thesmilingseahorse.com/blog/archives/04-2023,,"shark, ray, whale shark, reef shark, stingray","Richelieu Rock, Koh Bon, Koh Lipe, Koh Phi Phi, Koh Lanta, Tarutao National Park","
 
 
  Blog about diving in Asia - Diving liveaboard in Thailand and Myanmar 
 
 
 
 
 
 
 
 
 
 
 
 
 
 
 
 
 
 
 
 
 
 
 
 
 
 
 
 
 
 
 
 
 
 
 
 
 
 
 
 
 
 
 
 
 
 
 
 
 
 
 
 
 
 
 
 
 
 
 
 
 
 
 
 
 
 
 
 
 
 
 
 
 
 
 
 
 
 
 
 
 
 
 
 
 
 
 
 
				When & Where
			 
 
 
 
 
 
			Schedule an..."
 Blog about diving in Asia - Diving liveaboard in Thailand and Myanmar,https://www.thesmilingseahorse.com/blog/archives/03-2023,,"shark, ray, whale shark, stingray, eagle ray","Richelieu Rock, Koh Bon, Koh Lipe, Koh Phi Phi, Koh Lanta, Tarutao National Park","
 
 
  Blog about diving in Asia - Diving liveaboard in Thailand and Myanmar 
 
 
 
 
 
 
 
 
 
 
 
 
 
 
 
 
 
 
 
 
 
 
 
 
 
 
 
 
 
 
 
 
 
 
 
 
 
 
 
 
 
 
 
 
 
 
 
 
 
 
 
 
 
 
 
 
 
 
 
 
 
 
 
 
 
 
 
 
 
 
 
 
 
 
 
 
 
 
 
 
 
 
 
 
 
 
 
 
				When & Where
			 
 
 
 
 
 
			Schedule an..."
 Blog about diving in Asia - Diving liveaboard in Thailand and Myanmar,https://www.thesmilingseahorse.com/blog/archives/02-2023,,"shark, ray, manta, whale shark, reef shark, stingray, eagle ray","Elephant Head Rock, West of Eden, Richelieu Rock, Koh Bon, Koh Tachai, Hin Daeng, Hin Muang, Koh Haa, Koh Lipe, Koh Phi Phi, Koh Lanta, Tarutao National Park","
 
 
  Blog about diving in Asia - Diving liveaboard in Thailand and Myanmar 
 
 
 
 
 
 
 
 
 
 
 
 
 
 
 
 
 
 
 
 
 
 
 
 
 
 
 
 
 
 
 
 
 
 
 
 
 
 
 
 
 
 
 
 
 
 
 
 
 
 
 
 
 
 
 
 
 
 
 
 
 
 
 
 
 
 
 
 
 
 
 
 
 
 
 
 
 
 
 
 
 
 
 
 
 
 
 
 
				When & Where
			 
 
 
 
 
 
			Schedule an..."
 Blog about diving in Asia - Diving liveaboard in Thailand and Myanmar,https://www.thesmilingseahorse.com/blog/archives/01-2023,,"shark, ray, mobula, whale shark, reef shark","Elephant Head Rock, Donald Duck Bay, West of Eden, Richelieu Rock, Koh Bon, Koh Tachai, Hin Daeng, Hin Muang, Koh Haa, Koh Lipe, Koh Phi Phi, Koh Lanta, Tarutao National Park","
 
 
  Blog about diving in Asia - Diving liveaboard in Thailand and Myanmar 
 
 
 
 
 
 
 
 
 
 
 
 
 
 
 
 
 
 
 
 
 
 
 
 
 
 
 
 
 
 
 
 
 
 
 
 
 
 
 
 
 
 
 
 
 
 
 
 
 
 
 
 
 
 
 
 
 
 
 
 
 
 
 
 
 
 
 
 
 
 
 
 
 
 
 
 
 
 
 
 
 
 
 
 
 
 
 
 
				When & Where
			 
 
 
 
 
 
			Schedule an..."
 Blog about diving in Asia - Diving liveaboard in Thailand and Myanmar,https://www.thesmilingseahorse.com/blog/archives/12-2022,,"shark, ray, manta, mobula, whale shark, reef shark, stingray","Koh Chi, Torinla Rock, West of Eden, Richelieu Rock, Koh Bon, Koh Tachai, Hin Daeng, Hin Muang, Koh Haa, Koh Lipe, Koh Phi Phi, Koh Lanta, Tarutao National Park","
 
 
  Blog about diving in Asia - Diving liveaboard in Thailand and Myanmar 
 
 
 
 
 
 
 
 
 
 
 
 
 
 
 
 
 
 
 
 
 
 
 
 
 
 
 
 
 
 
 
 
 
 
 
 
 
 
 
 
 
 
 
 
 
 
 
 
 
 
 
 
 
 
 
 
 
 
 
 
 
 
 
 
 
 
 
 
 
 
 
 
 
 
 
 
 
 
 
 
 
 
 
 
 
 
 
 
				When & Where
			 
 
 
 
 
 
			Schedule an..."
 Blog about diving in Asia - Diving liveaboard in Thailand and Myanmar,https://www.thesmilingseahorse.com/blog/archives/11-2022,,"shark, ray, whale shark, reef shark, eagle ray","Elephant Head Rock, Richelieu Rock, Koh Bon, Koh Tachai, Hin Daeng, Koh Haa, Koh Lipe, Koh Phi Phi, Koh Lanta, Tarutao National Park","
 
 
  Blog about diving in Asia - Diving liveaboard in Thailand and Myanmar 
 
 
 
 
 
 
 
 
 
 
 
 
 
 
 
 
 
 
 
 
 
 
 
 
 
 
 
 
 
 
 
 
 
 
 
 
 
 
 
 
 
 
 
 
 
 
 
 
 
 
 
 
 
 
 
 
 
 
 
 
 
 
 
 
 
 
 
 
 
 
 
 
 
 
 
 
 
 
 
 
 
 
 
 
 
 
 
 
				When & Where
			 
 
 
 
 
 
			Schedule an..."
 Blog about diving in Asia - Diving liveaboard in Thailand and Myanmar,https://www.thesmilingseahorse.com/blog/archives/10-2022,,"shark, ray, manta, whale shark, reef shark, blacktip, eagle ray","Koh Chi, Richelieu Rock, Koh Bon, Koh Tachai, Koh Lipe, Koh Phi Phi, Koh Lanta, Tarutao National Park","
 
 
  Blog about diving in Asia - Diving liveaboard in Thailand and Myanmar 
 
 
 
 
 
 
 
 
 
 
 
 
 
 
 
 
 
 
 
 
 
 
 
 
 
 
 
 
 
 
 
 
 
 
 
 
 
 
 
 
 
 
 
 
 
 
 
 
 
 
 
 
 
 
 
 
 
 
 
 
 
 
 
 
 
 
 
 
 
 
 
 
 
 
 
 
 
 
 
 
 
 
 
 
 
 
 
 
				When & Where
			 
 
 
 
 
 
			Schedule an..."
 Blog about diving in Asia - Diving liveaboard in Thailand and Myanmar,https://www.thesmilingseahorse.com/blog/archives/09-2022,,"shark, ray, whale shark","Richelieu Rock, Koh Lipe, Koh Phi Phi, Koh Lanta, Tarutao National Park","
 
 
  Blog about diving in Asia - Diving liveaboard in Thailand and Myanmar 
 
 
 
 
 
 
 
 
 
 
 
 
 
 
 
 
 
 
 
 
 
 
 
 
 
 
 
 
 
 
 
 
 
 
 
 
 
 
 
 
 
 
 
 
 
 
 
 
 
 
 
 
 
 
 
 
 
 
 
 
 
 
 
 
 
 
 
 
 
 
 
 
 
 
 
 
 
 
 
 
 
 
 
 
 
 
 
 
				When & Where
			 
 
 
 
 
 
			Schedule an..."
 Blog about diving in Asia - Diving liveaboard in Thailand and Myanmar,https://www.thesmilingseahorse.com/blog/archives/05-2022,,"shark, ray, manta, whale shark, eagle ray","Richelieu Rock, Koh Bon, Koh Tachai, Koh Lipe, Koh Phi Phi, Koh Lanta, Tarutao National Park","
 
 
  Blog about diving in Asia - Diving liveaboard in Thailand and Myanmar 
 
 
 
 
 
 
 
 
 
 
 
 
 
 
 
 
 
 
 
 
 
 
 
 
 
 
 
 
 
 
 
 
 
 
 
 
 
 
 
 
 
 
 
 
 
 
 
 
 
 
 
 
 
 
 
 
 
 
 
 
 
 
 
 
 
 
 
 
 
 
 
 
 
 
 
 
 
 
 
 
 
 
 
 
 
 
 
 
				When & Where
			 
 
 
 
 
 
			Schedule an..."
 Blog about diving in Asia - Diving liveaboard in Thailand and Myanmar,https://www.thesmilingseahorse.com/blog/archives/04-2022,,"shark, ray, manta, whale shark, reef shark, eagle ray","Koh Chi, Elephant Head Rock, Donald Duck Bay, Deep Six, West of Eden, Richelieu Rock, Koh Bon, Koh Tachai, Hin Daeng, Hin Muang, Koh Haa, Koh Lipe, Koh Phi Phi, Koh Lanta, Tarutao National Park","
 
 
  Blog about diving in Asia - Diving liveaboard in Thailand and Myanmar 
 
 
 
 
 
 
 
 
 
 
 
 
 
 
 
 
 
 
 
 
 
 
 
 
 
 
 
 
 
 
 
 
 
 
 
 
 
 
 
 
 
 
 
 
 
 
 
 
 
 
 
 
 
 
 
 
 
 
 
 
 
 
 
 
 
 
 
 
 
 
 
 
 
 
 
 
 
 
 
 
 
 
 
 
 
 
 
 
				When & Where
			 
 
 
 
 
 
			Schedule an..."
 Blog about diving in Asia - Diving liveaboard in Thailand and Myanmar,https://www.thesmilingseahorse.com/blog/archives/03-2022,,"shark, ray, manta, whale shark, eagle ray","Koh Chi, Torinla Rock, Elephant Head Rock, Deep Six, Richelieu Rock, Koh Bon, Koh Tachai, Koh Lipe, Koh Phi Phi, Koh Lanta, Tarutao National Park","
 
 
  Blog about diving in Asia - Diving liveaboard in Thailand and Myanmar 
 
 
 
 
 
 
 
 
 
 
 
 
 
 
 
 
 
 
 
 
 
 
 
 
 
 
 
 
 
 
 
 
 
 
 
 
 
 
 
 
 
 
 
 
 
 
 
 
 
 
 
 
 
 
 
 
 
 
 
 
 
 
 
 
 
 
 
 
 
 
 
 
 
 
 
 
 
 
 
 
 
 
 
 
 
 
 
 
 
				When & Where
			 
 
 
 
 
 
			Schedule ..."
 Blog about diving in Asia - Diving liveaboard in Thailand and Myanmar,https://www.thesmilingseahorse.com/blog/archives/01-2022,,"shark, ray, mobula, whale shark, blacktip, eagle ray","Donald Duck Bay, West of Eden, Richelieu Rock, Koh Bon, Koh Tachai, Hin Daeng, Hin Muang, Koh Haa, Koh Lipe, Koh Phi Phi, Koh Lanta, Tarutao National Park","
 
 
  Blog about diving in Asia - Diving liveaboard in Thailand and Myanmar 
 
 
 
 
 
 
 
 
 
 
 
 
 
 
 
 
 
 
 
 
 
 
 
 
 
 
 
 
 
 
 
 
 
 
 
 
 
 
 
 
 
 
 
 
 
 
 
 
 
 
 
 
 
 
 
 
 
 
 
 
 
 
 
 
 
 
 
 
 
 
 
 
 
 
 
 
 
 
 
 
 
 
 
 
 
 
 
 
				When & Where
			 
 
 
 
 
 
			Schedule an..."
 Blog about diving in Asia - Diving liveaboard in Thailand and Myanmar,https://www.thesmilingseahorse.com/blog/archives/12-2021,,"shark, ray, manta, whale shark","Richelieu Rock, Koh Bon, Koh Tachai, Hin Daeng, Hin Muang, Koh Lipe, Koh Phi Phi, Koh Lanta, Tarutao National Park","
 
 
  Blog about diving in Asia - Diving liveaboard in Thailand and Myanmar 
 
 
 
 
 
 
 
 
 
 
 
 
 
 
 
 
 
 
 
 
 
 
 
 
 
 
 
 
 
 
 
 
 
 
 
 
 
 
 
 
 
 
 
 
 
 
 
 
 
 
 
 
 
 
 
 
 
 
 
 
 
 
 
 
 
 
 
 
 
 
 
 
 
 
 
 
 
 
 
 
 
 
 
 
 
 
 
 
				When & Where
			 
 
 
 
 
 
			Schedule an..."
 Blog about diving in Asia - Diving liveaboard in Thailand and Myanmar,https://www.thesmilingseahorse.com/blog/archives/11-2021,,"shark, ray, whale shark","Richelieu Rock, Koh Bon, Koh Tachai, Koh Lipe, Koh Phi Phi, Koh Lanta, Tarutao National Park","
 
 
  Blog about diving in Asia - Diving liveaboard in Thailand and Myanmar 
 
 
 
 
 
 
 
 
 
 
 
 
 
 
 
 
 
 
 
 
 
 
 
 
 
 
 
 
 
 
 
 
 
 
 
 
 
 
 
 
 
 
 
 
 
 
 
 
 
 
 
 
 
 
 
 
 
 
 
 
 
 
 
 
 
 
 
 
 
 
 
 
 
 
 
 
 
 
 
 
 
 
 
 
 
 
 
 
				When & Where
			 
 
 
 
 
 
			Schedule an..."
 Blog about diving in Asia - Diving liveaboard in Thailand and Myanmar,https://www.thesmilingseahorse.com/blog/archives/10-2021,,"shark, ray, whale shark","Richelieu Rock, Koh Lipe, Koh Phi Phi, Koh Lanta, Tarutao National Park","
 
 
  Blog about diving in Asia - Diving liveaboard in Thailand and Myanmar 
 
 
 
 
 
 
 
 
 
 
 
 
 
 
 
 
 
 
 
 
 
 
 
 
 
 
 
 
 
 
 
 
 
 
 
 
 
 
 
 
 
 
 
 
 
 
 
 
 
 
 
 
 
 
 
 
 
 
 
 
 
 
 
 
 
 
 
 
 
 
 
 
 
 
 
 
 
 
 
 
 
 
 
 
 
 
 
 
				When & Where
			 
 
 
 
 
 
			Schedule an..."
 Blog about diving in Asia - Diving liveaboard in Thailand and Myanmar,https://www.thesmilingseahorse.com/blog/archives/09-2021,,"shark, ray, whale shark","Richelieu Rock, Koh Lipe, Koh Phi Phi, Koh Lanta, Tarutao National Park","
 
 
  Blog about diving in Asia - Diving liveaboard in Thailand and Myanmar 
 
 
 
 
 
 
 
 
 
 
 
 
 
 
 
 
 
 
 
 
 
 
 
 
 
 
 
 
 
 
 
 
 
 
 
 
 
 
 
 
 
 
 
 
 
 
 
 
 
 
 
 
 
 
 
 
 
 
 
 
 
 
 
 
 
 
 
 
 
 
 
 
 
 
 
 
 
 
 
 
 
 
 
 
 
 
 
 
				When & Where
			 
 
 
 
 
 
			Schedule an..."
 Blog about diving in Asia - Diving liveaboard in Thailand and Myanmar,https://www.thesmilingseahorse.com/blog/archives/08-2021,,"shark, whale shark","Richelieu Rock, Koh Lipe, Koh Phi Phi, Koh Lanta, Tarutao National Park","
 
 
  Blog about diving in Asia - Diving liveaboard in Thailand and Myanmar 
 
 
 
 
 
 
 
 
 
 
 
 
 
 
 
 
 
 
 
 
 
 
 
 
 
 
 
 
 
 
 
 
 
 
 
 
 
 
 
 
 
 
 
 
 
 
 
 
 
 
 
 
 
 
 
 
 
 
 
 
 
 
 
 
 
 
 
 
 
 
 
 
 
 
 
 
 
 
 
 
 
 
 
 
 
 
 
 
				When & Where
			 
 
 
 
 
 
			Schedule an..."
 Blog about diving in Asia - Diving liveaboard in Thailand and Myanmar,https://www.thesmilingseahorse.com/blog/archives/07-2021,,"shark, ray, manta, whale shark","Richelieu Rock, Koh Lipe, Koh Phi Phi, Koh Lanta, Tarutao National Park","
 
 
  Blog about diving in Asia - Diving liveaboard in Thailand and Myanmar 
 
 
 
 
 
 
 
 
 
 
 
 
 
 
 
 
 
 
 
 
 
 
 
 
 
 
 
 
 
 
 
 
 
 
 
 
 
 
 
 
 
 
 
 
 
 
 
 
 
 
 
 
 
 
 
 
 
 
 
 
 
 
 
 
 
 
 
 
 
 
 
 
 
 
 
 
 
 
 
 
 
 
 
 
 
 
 
 
				When & Where
			 
 
 
 
 
 
			Schedule an..."
 Blog about diving in Asia - Diving liveaboard in Thailand and Myanmar,https://www.thesmilingseahorse.com/blog/archives/06-2021,,"shark, ray, whale shark","Richelieu Rock, Koh Lipe, Koh Phi Phi, Koh Lanta, Tarutao National Park","
 
 
  Blog about diving in Asia - Diving liveaboard in Thailand and Myanmar 
 
 
 
 
 
 
 
 
 
 
 
 
 
 
 
 
 
 
 
 
 
 
 
 
 
 
 
 
 
 
 
 
 
 
 
 
 
 
 
 
 
 
 
 
 
 
 
 
 
 
 
 
 
 
 
 
 
 
 
 
 
 
 
 
 
 
 
 
 
 
 
 
 
 
 
 
 
 
 
 
 
 
 
 
 
 
 
 
				When & Where
			 
 
 
 
 
 
			Schedule an..."
 Blog about diving in Asia - Diving liveaboard in Thailand and Myanmar,https://www.thesmilingseahorse.com/blog/archives/05-2021,,"shark, ray, whale shark, eagle ray","Richelieu Rock, Koh Bon, Koh Tachai, Koh Lipe, Koh Phi Phi, Koh Lanta, Tarutao National Park, North Twin","
 
 
  Blog about diving in Asia - Diving liveaboard in Thailand and Myanmar 
 
 
 
 
 
 
 
 
 
 
 
 
 
 
 
 
 
 
 
 
 
 
 
 
 
 
 
 
 
 
 
 
 
 
 
 
 
 
 
 
 
 
 
 
 
 
 
 
 
 
 
 
 
 
 
 
 
 
 
 
 
 
 
 
 
 
 
 
 
 
 
 
 
 
 
 
 
 
 
 
 
 
 
 
 
 
 
 
				When & Where
			 
 
 
 
 
 
			Schedule an..."
 Blog about diving in Asia - Diving liveaboard in Thailand and Myanmar,https://www.thesmilingseahorse.com/blog/archives/04-2021,,"shark, ray, manta, whale shark, reef shark, eagle ray","Koh Chi, Richelieu Rock, Koh Bon, Koh Tachai, Koh Lipe, Koh Phi Phi, Koh Lanta, Tarutao National Park","
 
 
  Blog about diving in Asia - Diving liveaboard in Thailand and Myanmar 
 
 
 
 
 
 
 
 
 
 
 
 
 
 
 
 
 
 
 
 
 
 
 
 
 
 
 
 
 
 
 
 
 
 
 
 
 
 
 
 
 
 
 
 
 
 
 
 
 
 
 
 
 
 
 
 
 
 
 
 
 
 
 
 
 
 
 
 
 
 
 
 
 
 
 
 
 
 
 
 
 
 
 
 
 
 
 
 
				When & Where
			 
 
 
 
 
 
			Schedule an..."
 Blog about diving in Asia - Diving liveaboard in Thailand and Myanmar,https://www.thesmilingseahorse.com/blog/archives/03-2021,,"shark, ray, manta, whale shark, reef shark, eagle ray","Koh Chi, Rocky Point, Richelieu Rock, Koh Bon, Koh Tachai, Koh Lipe, Koh Phi Phi, Koh Lanta, Tarutao National Park","
 
 
  Blog about diving in Asia - Diving liveaboard in Thailand and Myanmar 
 
 
 
 
 
 
 
 
 
 
 
 
 
 
 
 
 
 
 
 
 
 
 
 
 
 
 
 
 
 
 
 
 
 
 
 
 
 
 
 
 
 
 
 
 
 
 
 
 
 
 
 
 
 
 
 
 
 
 
 
 
 
 
 
 
 
 
 
 
 
 
 
 
 
 
 
 
 
 
 
 
 
 
 
 
 
 
 
				When & Where
			 
 
 
 
 
 
			Schedule an..."
 Blog about diving in Asia - Diving liveaboard in Thailand and Myanmar,https://www.thesmilingseahorse.com/blog/archives/02-2021,,"shark, ray, manta, whale shark, reef shark, bull shark","Richelieu Rock, Koh Bon, Koh Tachai, Koh Lipe, Koh Phi Phi, Koh Lanta, Tarutao National Park","
 
 
  Blog about diving in Asia - Diving liveaboard in Thailand and Myanmar 
 
 
 
 
 
 
 
 
 
 
 
 
 
 
 
 
 
 
 
 
 
 
 
 
 
 
 
 
 
 
 
 
 
 
 
 
 
 
 
 
 
 
 
 
 
 
 
 
 
 
 
 
 
 
 
 
 
 
 
 
 
 
 
 
 
 
 
 
 
 
 
 
 
 
 
 
 
 
 
 
 
 
 
 
 
 
 
 
				When & Where
			 
 
 
 
 
 
			Schedule an..."
 Blog about diving in Asia - Diving liveaboard in Thailand and Myanmar,https://www.thesmilingseahorse.com/blog/archives/01-2021,,"shark, ray, whale shark, reef shark, tiger shark, eagle ray","Elephant Head Rock, Donald Duck Bay, Deep Six, West of Eden, Anita’s Reef, Richelieu Rock, Koh Lipe, Koh Phi Phi, Koh Lanta, Tarutao National Park","
 
 
  Blog about diving in Asia - Diving liveaboard in Thailand and Myanmar 
 
 
 
 
 
 
 
 
 
 
 
 
 
 
 
 
 
 
 
 
 
 
 
 
 
 
 
 
 
 
 
 
 
 
 
 
 
 
 
 
 
 
 
 
 
 
 
 
 
 
 
 
 
 
 
 
 
 
 
 
 
 
 
 
 
 
 
 
 
 
 
 
 
 
 
 
 
 
 
 
 
 
 
 
 
 
 
 
				When & Where
			 
 
 
 
 
 
			Schedule an..."
 Blog about diving in Asia - Diving liveaboard in Thailand and Myanmar,https://www.thesmilingseahorse.com/blog/archives/12-2020,,"shark, ray, manta, whale shark, reef shark, tiger shark, eagle ray","Koh Chi, Elephant Head Rock, Richelieu Rock, Koh Bon, Koh Tachai, Koh Lipe, Koh Phi Phi, Koh Lanta, Tarutao National Park","
 
 
  Blog about diving in Asia - Diving liveaboard in Thailand and Myanmar 
 
 
 
 
 
 
 
 
 
 
 
 
 
 
 
 
 
 
 
 
 
 
 
 
 
 
 
 
 
 
 
 
 
 
 
 
 
 
 
 
 
 
 
 
 
 
 
 
 
 
 
 
 
 
 
 
 
 
 
 
 
 
 
 
 
 
 
 
 
 
 
 
 
 
 
 
 
 
 
 
 
 
 
 
 
 
 
 
				When & Where
			 
 
 
 
 
 
			Schedule an..."
 Blog about diving in Asia - Diving liveaboard in Thailand and Myanmar,https://www.thesmilingseahorse.com/blog/archives/11-2020,,"shark, whale shark, tiger shark","Elephant Head Rock, Richelieu Rock, Koh Lipe, Koh Phi Phi, Koh Lanta, Tarutao National Park","
 
 
  Blog about diving in Asia - Diving liveaboard in Thailand and Myanmar 
 
 
 
 
 
 
 
 
 
 
 
 
 
 
 
 
 
 
 
 
 
 
 
 
 
 
 
 
 
 
 
 
 
 
 
 
 
 
 
 
 
 
 
 
 
 
 
 
 
 
 
 
 
 
 
 
 
 
 
 
 
 
 
 
 
 
 
 
 
 
 
 
 
 
 
 
 
 
				When & Where
			 
 
 
 
 
 
			Schedule and Prices
		 
 
 
 
 ..."
 Blog about diving in Asia - Diving liveaboard in Thailand and Myanmar,https://www.thesmilingseahorse.com/blog/archives/10-2020,,"shark, whale shark","Richelieu Rock, Koh Bon, Koh Tachai, Koh Lipe, Koh Phi Phi, Koh Lanta, Tarutao National Park","
 
 
  Blog about diving in Asia - Diving liveaboard in Thailand and Myanmar 
 
 
 
 
 
 
 
 
 
 
 
 
 
 
 
 
 
 
 
 
 
 
 
 
 
 
 
 
 
 
 
 
 
 
 
 
 
 
 
 
 
 
 
 
 
 
 
 
 
 
 
 
 
 
 
 
 
 
 
 
 
 
 
 
 
 
 
 
 
 
 
 
 
 
 
 
 
 
 
 
 
 
 
 
 
 
 
 
				When & Where
			 
 
 
 
 
 
			Schedule an..."
 Blog about diving in Asia - Diving liveaboard in Thailand and Myanmar,https://www.thesmilingseahorse.com/blog/archives/09-2020,,"shark, whale shark","Richelieu Rock, Koh Lipe, Koh Phi Phi, Koh Lanta, Tarutao National Park","
 
 
  Blog about diving in Asia - Diving liveaboard in Thailand and Myanmar 
 
 
 
 
 
 
 
 
 
 
 
 
 
 
 
 
 
 
 
 
 
 
 
 
 
 
 
 
 
 
 
 
 
 
 
 
 
 
 
 
 
 
 
 
 
 
 
 
 
 
 
 
 
 
 
 
 
 
 
 
 
 
 
 
 
 
 
 
 
 
 
 
 
 
 
 
 
 
 
 
 
 
 
 
 
 
 
 
				When & Where
			 
 
 
 
 
 
			Schedule an..."
 Blog about diving in Asia - Diving liveaboard in Thailand and Myanmar,https://www.thesmilingseahorse.com/blog/archives/08-2020,,"shark, whale shark","Richelieu Rock, Koh Lipe, Koh Phi Phi, Koh Lanta, Tarutao National Park","
 
 
  Blog about diving in Asia - Diving liveaboard in Thailand and Myanmar 
 
 
 
 
 
 
 
 
 
 
 
 
 
 
 
 
 
 
 
 
 
 
 
 
 
 
 
 
 
 
 
 
 
 
 
 
 
 
 
 
 
 
 
 
 
 
 
 
 
 
 
 
 
 
 
 
 
 
 
 
 
 
 
 
 
 
 
 
 
 
 
 
 
 
 
 
 
 
 
 
 
 
 
 
 
 
 
 
				When & Where
			 
 
 
 
 
 
			Schedule an..."
 Blog about diving in Asia - Diving liveaboard in Thailand and Myanmar,https://www.thesmilingseahorse.com/blog/archives/07-2020,,"shark, ray, manta, whale shark","Richelieu Rock, Koh Lipe, Koh Phi Phi, Koh Lanta, Tarutao National Park","
 
 
  Blog about diving in Asia - Diving liveaboard in Thailand and Myanmar 
 
 
 
 
 
 
 
 
 
 
 
 
 
 
 
 
 
 
 
 
 
 
 
 
 
 
 
 
 
 
 
 
 
 
 
 
 
 
 
 
 
 
 
 
 
 
 
 
 
 
 
 
 
 
 
 
 
 
 
 
 
 
 
 
 
 
 
 
 
 
 
 
 
 
 
 
 
 
 
 
 
 
 
 
 
 
 
 
				When & Where
			 
 
 
 
 
 
			Schedule an..."
 Blog about diving in Asia - Diving liveaboard in Thailand and Myanmar,https://www.thesmilingseahorse.com/blog/archives/06-2020,,"shark, ray, manta, whale shark, stingray, eagle ray","Richelieu Rock, Koh Lipe, Koh Phi Phi, Koh Lanta, Tarutao National Park","
 
 
  Blog about diving in Asia - Diving liveaboard in Thailand and Myanmar 
 
 
 
 
 
 
 
 
 
 
 
 
 
 
 
 
 
 
 
 
 
 
 
 
 
 
 
 
 
 
 
 
 
 
 
 
 
 
 
 
 
 
 
 
 
 
 
 
 
 
 
 
 
 
 
 
 
 
 
 
 
 
 
 
 
 
 
 
 
 
 
 
 
 
 
 
 
 
				When & Where
			 
 
 
 
 
 
			Schedule and Prices
		 
 
 
 
 ..."
 Blog about diving in Asia - Diving liveaboard in Thailand and Myanmar,https://www.thesmilingseahorse.com/blog/archives/05-2020,,"shark, ray, manta, whale shark, tiger shark","Richelieu Rock, Koh Lipe, Koh Phi Phi, Koh Lanta, Tarutao National Park","
 
 
  Blog about diving in Asia - Diving liveaboard in Thailand and Myanmar 
 
 
 
 
 
 
 
 
 
 
 
 
 
 
 
 
 
 
 
 
 
 
 
 
 
 
 
 
 
 
 
 
 
 
 
 
 
 
 
 
 
 
 
 
 
 
 
 
 
 
 
 
 
 
 
 
 
 
 
 
 
 
 
 
 
 
 
 
 
 
 
 
 
 
 
 
 
 
				When & Where
			 
 
 
 
 
 
			Schedule and Prices
		 
 
 
 
 ..."
 Blog about diving in Asia - Diving liveaboard in Thailand and Myanmar,https://www.thesmilingseahorse.com/blog/archives/04-2020,,"shark, whale shark","Richelieu Rock, Koh Lipe, Koh Phi Phi, Koh Lanta, Tarutao National Park","
 
 
  Blog about diving in Asia - Diving liveaboard in Thailand and Myanmar 
 
 
 
 
 
 
 
 
 
 
 
 
 
 
 
 
 
 
 
 
 
 
 
 
 
 
 
 
 
 
 
 
 
 
 
 
 
 
 
 
 
 
 
 
 
 
 
 
 
 
 
 
 
 
 
 
 
 
 
 
 
 
 
 
 
 
 
 
 
 
 
 
 
 
 
 
 
 
 
 
 
 
 
 
 
 
 
 
				When & Where
			 
 
 
 
 
 
			Schedule an..."
 Blog about diving in Asia - Diving liveaboard in Thailand and Myanmar,https://www.thesmilingseahorse.com/blog/archives/03-2020,,"shark, whale shark","Richelieu Rock, Koh Lipe, Koh Phi Phi, Koh Lanta, Tarutao National Park","
 
 
  Blog about diving in Asia - Diving liveaboard in Thailand and Myanmar 
 
 
 
 
 
 
 
 
 
 
 
 
 
 
 
 
 
 
 
 
 
 
 
 
 
 
 
 
 
 
 
 
 
 
 
 
 
 
 
 
 
 
 
 
 
 
 
 
 
 
 
 
 
 
 
 
 
 
 
 
 
 
 
 
 
 
 
 
 
 
 
 
 
 
 
 
 
 
 
 
 
 
 
 
 
 
 
 
				When & Where
			 
 
 
 
 
 
			Schedule an..."
 Blog about diving in Asia - Diving liveaboard in Thailand and Myanmar,https://www.thesmilingseahorse.com/blog/archives/02-2020,,"shark, manta, whale shark","Richelieu Rock, Koh Lipe, Koh Phi Phi, Koh Lanta, Tarutao National Park, Black Rock","
 
 
  Blog about diving in Asia - Diving liveaboard in Thailand and Myanmar 
 
 
 
 
 
 
 
 
 
 
 
 
 
 
 
 
 
 
 
 
 
 
 
 
 
 
 
 
 
 
 
 
 
 
 
 
 
 
 
 
 
 
 
 
 
 
 
 
 
 
 
 
 
 
 
 
 
 
 
 
 
 
 
 
 
 
 
 
 
 
 
 
 
 
 
 
 
 
 
 
 
 
 
 
 
 
 
 
				When & Where
			 
 
 
 
 
 
			Schedule an..."
 Blog about diving in Asia - Diving liveaboard in Thailand and Myanmar,https://www.thesmilingseahorse.com/blog/archives/01-2020,,"shark, ray, manta, whale shark, reef shark, nurse shark, silvertip","Richelieu Rock, Koh Lipe, Koh Phi Phi, Koh Lanta, Tarutao National Park, South Twin, Western Rocky, Shark Cave, Square Rock, Submarine","
 
 
  Blog about diving in Asia - Diving liveaboard in Thailand and Myanmar 
 
 
 
 
 
 
 
 
 
 
 
 
 
 
 
 
 
 
 
 
 
 
 
 
 
 
 
 
 
 
 
 
 
 
 
 
 
 
 
 
 
 
 
 
 
 
 
 
 
 
 
 
 
 
 
 
 
 
 
 
 
 
 
 
 
 
 
 
 
 
 
 
 
 
 
 
 
 
 
 
 
 
 
 
 
 
 
 
				When & Where
			 
 
 
 
 
 
			Schedule an..."
 Blog about diving in Asia - Diving liveaboard in Thailand and Myanmar,https://www.thesmilingseahorse.com/blog/archives/12-2019,,"shark, ray, manta, whale shark, reef shark, eagle ray","Richelieu Rock, Koh Lipe, Koh Phi Phi, Koh Lanta, Tarutao National Park, Black Rock, South Twin, Western Rocky, Shark Cave, Submarine, Volcano","
 
 
  Blog about diving in Asia - Diving liveaboard in Thailand and Myanmar 
 
 
 
 
 
 
 
 
 
 
 
 
 
 
 
 
 
 
 
 
 
 
 
 
 
 
 
 
 
 
 
 
 
 
 
 
 
 
 
 
 
 
 
 
 
 
 
 
 
 
 
 
 
 
 
 
 
 
 
 
 
 
 
 
 
 
 
 
 
 
 
 
 
 
 
 
 
 
 
 
 
 
 
 
 
 
 
 
				When & Where
			 
 
 
 
 
 
			Schedule an..."
 Blog about diving in Asia - Diving liveaboard in Thailand and Myanmar,https://www.thesmilingseahorse.com/blog/archives/11-2019,,"shark, whale shark, tiger shark, nurse shark","Richelieu Rock, Koh Lipe, Koh Phi Phi, Koh Lanta, Tarutao National Park","
 
 
  Blog about diving in Asia - Diving liveaboard in Thailand and Myanmar 
 
 
 
 
 
 
 
 
 
 
 
 
 
 
 
 
 
 
 
 
 
 
 
 
 
 
 
 
 
 
 
 
 
 
 
 
 
 
 
 
 
 
 
 
 
 
 
 
 
 
 
 
 
 
 
 
 
 
 
 
 
 
 
 
 
 
 
 
 
 
 
 
 
 
 
 
 
 
 
 
 
 
 
 
 
 
 
 
				When & Where
			 
 
 
 
 
 
			Schedule an..."
 Blog about diving in Asia - Diving liveaboard in Thailand and Myanmar,https://www.thesmilingseahorse.com/blog/archives/10-2019,,"shark, ray, manta, whale shark, reef shark, nurse shark, stingray, eagle ray","Koh Chi, Hin Rap, Elephant Head Rock, Deep Six, West of Eden, Richelieu Rock, Koh Bon, Koh Tachai, Hin Daeng, Hin Muang, Koh Haa, Koh Lipe, Koh Phi Phi, Koh Lanta, Tarutao National Park, Black Rock, Volcano","
 
 
  Blog about diving in Asia - Diving liveaboard in Thailand and Myanmar 
 
 
 
 
 
 
 
 
 
 
 
 
 
 
 
 
 
 
 
 
 
 
 
 
 
 
 
 
 
 
 
 
 
 
 
 
 
 
 
 
 
 
 
 
 
 
 
 
 
 
 
 
 
 
 
 
 
 
 
 
 
 
 
 
 
 
 
 
 
 
 
 
 
 
 
 
 
 
 
 
 
 
 
 
 
 
 
 
				When & Where
			 
 
 
 
 
 
			Schedule an..."
 Blog about diving in Asia - Diving liveaboard in Thailand and Myanmar,https://www.thesmilingseahorse.com/blog/archives/08-2019,,"shark, whale shark","Richelieu Rock, Koh Lipe, Koh Phi Phi, Koh Lanta, Tarutao National Park","
 
 
  Blog about diving in Asia - Diving liveaboard in Thailand and Myanmar 
 
 
 
 
 
 
 
 
 
 
 
 
 
 
 
 
 
 
 
 
 
 
 
 
 
 
 
 
 
 
 
 
 
 
 
 
 
 
 
 
 
 
 
 
 
 
 
 
 
 
 
 
 
 
 
 
 
 
 
 
 
 
 
 
 
 
 
 
 
 
 
 
 
 
 
 
 
 
 
 
 
 
 
 
 
 
 
 
				When & Where
			 
 
 
 
 
 
			Schedule an..."
 Blog about diving in Asia - Diving liveaboard in Thailand and Myanmar,https://www.thesmilingseahorse.com/blog/archives/07-2019,,"shark, manta, whale shark","Richelieu Rock, Koh Lipe, Koh Phi Phi, Koh Lanta, Tarutao National Park","
 
 
  Blog about diving in Asia - Diving liveaboard in Thailand and Myanmar 
 
 
 
 
 
 
 
 
 
 
 
 
 
 
 
 
 
 
 
 
 
 
 
 
 
 
 
 
 
 
 
 
 
 
 
 
 
 
 
 
 
 
 
 
 
 
 
 
 
 
 
 
 
 
 
 
 
 
 
 
 
 
 
 
 
 
 
 
 
 
 
 
 
 
 
 
 
 
 
 
 
 
 
 
 
 
 
 
				When & Where
			 
 
 
 
 
 
			Schedule an..."
 Blog about diving in Asia - Diving liveaboard in Thailand and Myanmar,https://www.thesmilingseahorse.com/blog/archives/05-2019,,"shark, whale shark, nurse shark","Richelieu Rock, Koh Lipe, Koh Phi Phi, Koh Lanta, Tarutao National Park","
 
 
  Blog about diving in Asia - Diving liveaboard in Thailand and Myanmar 
 
 
 
 
 
 
 
 
 
 
 
 
 
 
 
 
 
 
 
 
 
 
 
 
 
 
 
 
 
 
 
 
 
 
 
 
 
 
 
 
 
 
 
 
 
 
 
 
 
 
 
 
 
 
 
 
 
 
 
 
 
 
 
 
 
 
 
 
 
 
 
 
 
 
 
 
 
 
 
 
 
 
 
 
 
 
 
 
				When & Where
			 
 
 
 
 
 
			Schedule an..."
 Blog about diving in Asia - Diving liveaboard in Thailand and Myanmar,https://www.thesmilingseahorse.com/blog/archives/04-2019,,"shark, manta, whale shark","Richelieu Rock, Koh Bon, Koh Tachai, Koh Lipe, Koh Phi Phi, Koh Lanta, Tarutao National Park","
 
 
  Blog about diving in Asia - Diving liveaboard in Thailand and Myanmar 
 
 
 
 
 
 
 
 
 
 
 
 
 
 
 
 
 
 
 
 
 
 
 
 
 
 
 
 
 
 
 
 
 
 
 
 
 
 
 
 
 
 
 
 
 
 
 
 
 
 
 
 
 
 
 
 
 
 
 
 
 
 
 
 
 
 
 
 
 
 
 
 
 
 
 
 
 
 
 
 
 
 
 
 
 
 
 
 
				When & Where
			 
 
 
 
 
 
			Schedule an..."
 Blog about diving in Asia - Diving liveaboard in Thailand and Myanmar,https://www.thesmilingseahorse.com/blog/archives/03-2019,,"shark, manta, whale shark","Richelieu Rock, Koh Lipe, Koh Phi Phi, Koh Lanta, Tarutao National Park","
 
 
  Blog about diving in Asia - Diving liveaboard in Thailand and Myanmar 
 
 
 
 
 
 
 
 
 
 
 
 
 
 
 
 
 
 
 
 
 
 
 
 
 
 
 
 
 
 
 
 
 
 
 
 
 
 
 
 
 
 
 
 
 
 
 
 
 
 
 
 
 
 
 
 
 
 
 
 
 
 
 
 
 
 
 
 
 
 
 
 
 
 
 
 
 
 
 
 
 
 
 
 
 
 
 
 
				When & Where
			 
 
 
 
 
 
			Schedule an..."
 Blog about diving in Asia - Diving liveaboard in Thailand and Myanmar,https://www.thesmilingseahorse.com/blog/archives/02-2019,,"shark, ray, manta, whale shark","Richelieu Rock, Koh Lipe, Koh Phi Phi, Koh Lanta, Tarutao National Park","
 
 
  Blog about diving in Asia - Diving liveaboard in Thailand and Myanmar 
 
 
 
 
 
 
 
 
 
 
 
 
 
 
 
 
 
 
 
 
 
 
 
 
 
 
 
 
 
 
 
 
 
 
 
 
 
 
 
 
 
 
 
 
 
 
 
 
 
 
 
 
 
 
 
 
 
 
 
 
 
 
 
 
 
 
 
 
 
 
 
 
 
 
 
 
 
 
 
 
 
 
 
 
 
 
 
 
				When & Where
			 
 
 
 
 
 
			Schedule an..."
 Blog about diving in Asia - Diving liveaboard in Thailand and Myanmar,https://www.thesmilingseahorse.com/blog/archives/01-2019,,"shark, whale shark, nurse shark","Richelieu Rock, Koh Bon, Koh Tachai, Koh Lipe, Koh Phi Phi, Koh Lanta, Tarutao National Park, Black Rock, North Twin, Western Rocky, High Rock, Shark Cave, Macleod Island","
 
 
  Blog about diving in Asia - Diving liveaboard in Thailand and Myanmar 
 
 
 
 
 
 
 
 
 
 
 
 
 
 
 
 
 
 
 
 
 
 
 
 
 
 
 
 
 
 
 
 
 
 
 
 
 
 
 
 
 
 
 
 
 
 
 
 
 
 
 
 
 
 
 
 
 
 
 
 
 
 
 
 
 
 
 
 
 
 
 
 
 
 
 
 
 
 
 
 
 
 
 
 
 
 
 
 
				When & Where
			 
 
 
 
 
 
			Schedule an..."
 Blog about diving in Asia - Diving liveaboard in Thailand and Myanmar,https://www.thesmilingseahorse.com/blog/archives/12-2018,,"shark, ray, manta, whale shark, eagle ray","Richelieu Rock, Koh Bon, Koh Tachai, Koh Lipe, Koh Phi Phi, Koh Lanta, Tarutao National Park","
 
 
  Blog about diving in Asia - Diving liveaboard in Thailand and Myanmar 
 
 
 
 
 
 
 
 
 
 
 
 
 
 
 
 
 
 
 
 
 
 
 
 
 
 
 
 
 
 
 
 
 
 
 
 
 
 
 
 
 
 
 
 
 
 
 
 
 
 
 
 
 
 
 
 
 
 
 
 
 
 
 
 
 
 
 
 
 
 
 
 
 
 
 
 
 
 
 
 
 
 
 
 
 
 
 
 
				When & Where
			 
 
 
 
 
 
			Schedule an..."
 Blog about diving in Asia - Diving liveaboard in Thailand and Myanmar,https://www.thesmilingseahorse.com/blog/archives/11-2018,,"shark, manta, whale shark","Richelieu Rock, Koh Lipe, Koh Phi Phi, Koh Lanta, Tarutao National Park, Black Rock","
 
 
  Blog about diving in Asia - Diving liveaboard in Thailand and Myanmar 
 
 
 
 
 
 
 
 
 
 
 
 
 
 
 
 
 
 
 
 
 
 
 
 
 
 
 
 
 
 
 
 
 
 
 
 
 
 
 
 
 
 
 
 
 
 
 
 
 
 
 
 
 
 
 
 
 
 
 
 
 
 
 
 
 
 
 
 
 
 
 
 
 
 
 
 
 
 
 
 
 
 
 
 
 
 
 
 
				When & Where
			 
 
 
 
 
 
			Schedule an..."
 Blog about diving in Asia - Diving liveaboard in Thailand and Myanmar,https://www.thesmilingseahorse.com/blog/archives/09-2018,,"shark, manta, whale shark","Richelieu Rock, Koh Lipe, Koh Phi Phi, Koh Lanta, Tarutao National Park, Black Rock","
 
 
  Blog about diving in Asia - Diving liveaboard in Thailand and Myanmar 
 
 
 
 
 
 
 
 
 
 
 
 
 
 
 
 
 
 
 
 
 
 
 
 
 
 
 
 
 
 
 
 
 
 
 
 
 
 
 
 
 
 
 
 
 
 
 
 
 
 
 
 
 
 
 
 
 
 
 
 
 
 
 
 
 
 
 
 
 
 
 
 
 
 
 
 
 
 
 
 
 
 
 
 
 
 
 
 
				When & Where
			 
 
 
 
 
 
			Schedule an..."
 Blog about diving in Asia - Diving liveaboard in Thailand and Myanmar,https://www.thesmilingseahorse.com/blog/archives/07-2018,,"shark, whale shark","Richelieu Rock, Koh Lipe, Koh Phi Phi, Koh Lanta, Tarutao National Park","
 
 
  Blog about diving in Asia - Diving liveaboard in Thailand and Myanmar 
 
 
 
 
 
 
 
 
 
 
 
 
 
 
 
 
 
 
 
 
 
 
 
 
 
 
 
 
 
 
 
 
 
 
 
 
 
 
 
 
 
 
 
 
 
 
 
 
 
 
 
 
 
 
 
 
 
 
 
 
 
 
 
 
 
 
 
 
 
 
 
 
 
 
 
 
 
 
 
 
 
 
 
 
 
 
 
 
				When & Where
			 
 
 
 
 
 
			Schedule an..."
 Blog about diving in Asia - Diving liveaboard in Thailand and Myanmar,https://www.thesmilingseahorse.com/blog/archives/04-2018,,"shark, ray, manta, whale shark, eagle ray","Richelieu Rock, Koh Bon, Koh Tachai, Koh Lipe, Koh Phi Phi, Koh Lanta, Tarutao National Park, Black Rock, Western Rocky","
 
 
  Blog about diving in Asia - Diving liveaboard in Thailand and Myanmar 
 
 
 
 
 
 
 
 
 
 
 
 
 
 
 
 
 
 
 
 
 
 
 
 
 
 
 
 
 
 
 
 
 
 
 
 
 
 
 
 
 
 
 
 
 
 
 
 
 
 
 
 
 
 
 
 
 
 
 
 
 
 
 
 
 
 
 
 
 
 
 
 
 
 
 
 
 
 
 
 
 
 
 
 
 
 
 
 
				When & Where
			 
 
 
 
 
 
			Schedule an..."
 Blog about diving in Asia - Diving liveaboard in Thailand and Myanmar,https://www.thesmilingseahorse.com/blog/archives/03-2018,,"shark, manta, whale shark, nurse shark","Richelieu Rock, Koh Lipe, Koh Phi Phi, Koh Lanta, Tarutao National Park, Black Rock","
 
 
  Blog about diving in Asia - Diving liveaboard in Thailand and Myanmar 
 
 
 
 
 
 
 
 
 
 
 
 
 
 
 
 
 
 
 
 
 
 
 
 
 
 
 
 
 
 
 
 
 
 
 
 
 
 
 
 
 
 
 
 
 
 
 
 
 
 
 
 
 
 
 
 
 
 
 
 
 
 
 
 
 
 
 
 
 
 
 
 
 
 
 
 
 
 
 
 
 
 
 
 
 
 
 
 
				When & Where
			 
 
 
 
 
 
			Schedule an..."
 Blog about diving in Asia - Diving liveaboard in Thailand and Myanmar,https://www.thesmilingseahorse.com/blog/archives/02-2018,,"shark, ray, manta, whale shark, nurse shark, eagle ray","Richelieu Rock, Koh Lipe, Koh Phi Phi, Koh Lanta, Tarutao National Park, Black Rock","
 
 
  Blog about diving in Asia - Diving liveaboard in Thailand and Myanmar 
 
 
 
 
 
 
 
 
 
 
 
 
 
 
 
 
 
 
 
 
 
 
 
 
 
 
 
 
 
 
 
 
 
 
 
 
 
 
 
 
 
 
 
 
 
 
 
 
 
 
 
 
 
 
 
 
 
 
 
 
 
 
 
 
 
 
 
 
 
 
 
 
 
 
 
 
 
 
 
 
 
 
 
 
 
 
 
 
				When & Where
			 
 
 
 
 
 
			Schedule an..."
 Blog about diving in Asia - Diving liveaboard in Thailand and Myanmar,https://www.thesmilingseahorse.com/blog/archives/01-2018,,"shark, ray, manta, whale shark, nurse shark, silvertip","Richelieu Rock, Koh Bon, Koh Tachai, Koh Lipe, Koh Phi Phi, Koh Lanta, Tarutao National Park, Black Rock, North Twin, Western Rocky, High Rock, Shark Cave, Macleod Island, Silvertip Bank","
 
 
  Blog about diving in Asia - Diving liveaboard in Thailand and Myanmar 
 
 
 
 
 
 
 
 
 
 
 
 
 
 
 
 
 
 
 
 
 
 
 
 
 
 
 
 
 
 
 
 
 
 
 
 
 
 
 
 
 
 
 
 
 
 
 
 
 
 
 
 
 
 
 
 
 
 
 
 
 
 
 
 
 
 
 
 
 
 
 
 
 
 
 
 
 
 
 
 
 
 
 
 
 
 
 
 
				When & Where
			 
 
 
 
 
 
			Schedule an..."
 Blog about diving in Asia - Diving liveaboard in Thailand and Myanmar,https://www.thesmilingseahorse.com/blog/archives/12-2017,,"shark, ray, manta, whale shark","Richelieu Rock, Koh Lipe, Koh Phi Phi, Koh Lanta, Tarutao National Park, Black Rock","
 
 
  Blog about diving in Asia - Diving liveaboard in Thailand and Myanmar 
 
 
 
 
 
 
 
 
 
 
 
 
 
 
 
 
 
 
 
 
 
 
 
 
 
 
 
 
 
 
 
 
 
 
 
 
 
 
 
 
 
 
 
 
 
 
 
 
 
 
 
 
 
 
 
 
 
 
 
 
 
 
 
 
 
 
 
 
 
 
 
 
 
 
 
 
 
 
 
 
 
 
 
 
 
 
 
 
				When & Where
			 
 
 
 
 
 
			Schedule an..."
 Blog about diving in Asia - Diving liveaboard in Thailand and Myanmar,https://www.thesmilingseahorse.com/blog/archives/11-2017,,"shark, ray, whale shark, nurse shark","Richelieu Rock, Koh Lipe, Koh Phi Phi, Koh Lanta, Tarutao National Park, Black Rock","
 
 
  Blog about diving in Asia - Diving liveaboard in Thailand and Myanmar 
 
 
 
 
 
 
 
 
 
 
 
 
 
 
 
 
 
 
 
 
 
 
 
 
 
 
 
 
 
 
 
 
 
 
 
 
 
 
 
 
 
 
 
 
 
 
 
 
 
 
 
 
 
 
 
 
 
 
 
 
 
 
 
 
 
 
 
 
 
 
 
 
 
 
 
 
 
 
 
 
 
 
 
 
 
 
 
 
				When & Where
			 
 
 
 
 
 
			Schedule an..."
 Blog about diving in Asia - Diving liveaboard in Thailand and Myanmar,https://www.thesmilingseahorse.com/blog/archives/10-2017,,"shark, manta, whale shark, nurse shark","Richelieu Rock, Koh Lipe, Koh Phi Phi, Koh Lanta, Tarutao National Park, Black Rock","
 
 
  Blog about diving in Asia - Diving liveaboard in Thailand and Myanmar 
 
 
 
 
 
 
 
 
 
 
 
 
 
 
 
 
 
 
 
 
 
 
 
 
 
 
 
 
 
 
 
 
 
 
 
 
 
 
 
 
 
 
 
 
 
 
 
 
 
 
 
 
 
 
 
 
 
 
 
 
 
 
 
 
 
 
 
 
 
 
 
 
 
 
 
 
 
 
				When & Where
			 
 
 
 
 
 
			Schedule and Prices
		 
 
 
 
 ..."
 Blog about diving in Asia - Diving liveaboard in Thailand and Myanmar,https://www.thesmilingseahorse.com/blog/archives/06-2017,,"shark, whale shark","Richelieu Rock, Koh Lipe, Koh Phi Phi, Koh Lanta, Tarutao National Park","
 
 
  Blog about diving in Asia - Diving liveaboard in Thailand and Myanmar 
 
 
 
 
 
 
 
 
 
 
 
 
 
 
 
 
 
 
 
 
 
 
 
 
 
 
 
 
 
 
 
 
 
 
 
 
 
 
 
 
 
 
 
 
 
 
 
 
 
 
 
 
 
 
 
 
 
 
 
 
 
 
 
 
 
 
 
 
 
 
 
 
 
 
 
 
 
 
 
 
 
 
 
 
 
 
 
 
				When & Where
			 
 
 
 
 
 
			Schedule an..."
 Blog about diving in Asia - Diving liveaboard in Thailand and Myanmar,https://www.thesmilingseahorse.com/blog/archives/05-2017,,"shark, ray, manta, whale shark, eagle ray","Richelieu Rock, Koh Lipe, Koh Phi Phi, Koh Lanta, Tarutao National Park","
 
 
  Blog about diving in Asia - Diving liveaboard in Thailand and Myanmar 
 
 
 
 
 
 
 
 
 
 
 
 
 
 
 
 
 
 
 
 
 
 
 
 
 
 
 
 
 
 
 
 
 
 
 
 
 
 
 
 
 
 
 
 
 
 
 
 
 
 
 
 
 
 
 
 
 
 
 
 
 
 
 
 
 
 
 
 
 
 
 
 
 
 
 
 
 
 
 
 
 
 
 
 
 
 
 
 
				When & Where
			 
 
 
 
 
 
			Schedule an..."
 Blog about diving in Asia - Diving liveaboard in Thailand and Myanmar,https://www.thesmilingseahorse.com/blog/archives/04-2017,,"shark, ray, manta, whale shark, reef shark, nurse shark, eagle ray","Richelieu Rock, Koh Bon, Koh Tachai, Koh Lipe, Koh Phi Phi, Koh Lanta, Tarutao National Park, Black Rock, North Twin, Western Rocky, High Rock, Shark Cave, Submarine, Macleod Island, Sea Fan Forest","
 
 
  Blog about diving in Asia - Diving liveaboard in Thailand and Myanmar 
 
 
 
 
 
 
 
 
 
 
 
 
 
 
 
 
 
 
 
 
 
 
 
 
 
 
 
 
 
 
 
 
 
 
 
 
 
 
 
 
 
 
 
 
 
 
 
 
 
 
 
 
 
 
 
 
 
 
 
 
 
 
 
 
 
 
 
 
 
 
 
 
 
 
 
 
 
 
 
 
 
 
 
 
 
 
 
 
 
				When & Where
			 
 
 
 
 
 
			Schedule ..."
 Blog about diving in Asia - Diving liveaboard in Thailand and Myanmar,https://www.thesmilingseahorse.com/blog/archives/03-2017,,"shark, ray, manta, whale shark, stingray","Richelieu Rock, Koh Bon, Koh Tachai, Koh Lipe, Koh Phi Phi, Koh Lanta, Tarutao National Park, Black Rock, Submarine","
 
 
  Blog about diving in Asia - Diving liveaboard in Thailand and Myanmar 
 
 
 
 
 
 
 
 
 
 
 
 
 
 
 
 
 
 
 
 
 
 
 
 
 
 
 
 
 
 
 
 
 
 
 
 
 
 
 
 
 
 
 
 
 
 
 
 
 
 
 
 
 
 
 
 
 
 
 
 
 
 
 
 
 
 
 
 
 
 
 
 
 
 
 
 
 
 
 
 
 
 
 
 
 
 
 
 
				When & Where
			 
 
 
 
 
 
			Schedule an..."
 Blog about diving in Asia - Diving liveaboard in Thailand and Myanmar,https://www.thesmilingseahorse.com/blog/archives/02-2017,,"shark, ray, whale shark","Richelieu Rock, Koh Bon, Koh Tachai, Koh Lipe, Koh Phi Phi, Koh Lanta, Tarutao National Park, Black Rock, Western Rocky","
 
 
  Blog about diving in Asia - Diving liveaboard in Thailand and Myanmar 
 
 
 
 
 
 
 
 
 
 
 
 
 
 
 
 
 
 
 
 
 
 
 
 
 
 
 
 
 
 
 
 
 
 
 
 
 
 
 
 
 
 
 
 
 
 
 
 
 
 
 
 
 
 
 
 
 
 
 
 
 
 
 
 
 
 
 
 
 
 
 
 
 
 
 
 
 
 
 
 
 
 
 
 
 
 
 
 
				When & Where
			 
 
 
 
 
 
			Schedule an..."
 Blog about diving in Asia - Diving liveaboard in Thailand and Myanmar,https://www.thesmilingseahorse.com/blog/archives/01-2017,,"shark, ray, whale shark, nurse shark, stingray, eagle ray","Richelieu Rock, Koh Tachai, Koh Lipe, Koh Phi Phi, Koh Lanta, Tarutao National Park, Black Rock, Shark Cave","
 
 
  Blog about diving in Asia - Diving liveaboard in Thailand and Myanmar 
 
 
 
 
 
 
 
 
 
 
 
 
 
 
 
 
 
 
 
 
 
 
 
 
 
 
 
 
 
 
 
 
 
 
 
 
 
 
 
 
 
 
 
 
 
 
 
 
 
 
 
 
 
 
 
 
 
 
 
 
 
 
 
 
 
 
 
 
 
 
 
 
 
 
 
 
 
 
 
 
 
 
 
 
 
 
 
 
				When & Where
			 
 
 
 
 
 
			Schedule an..."
 Blog about diving in Asia - Diving liveaboard in Thailand and Myanmar,https://www.thesmilingseahorse.com/blog/archives/12-2016,,"shark, ray, whale shark, nurse shark","Richelieu Rock, Koh Tachai, Koh Lipe, Koh Phi Phi, Koh Lanta, Tarutao National Park, Black Rock","
 
 
  Blog about diving in Asia - Diving liveaboard in Thailand and Myanmar 
 
 
 
 
 
 
 
 
 
 
 
 
 
 
 
 
 
 
 
 
 
 
 
 
 
 
 
 
 
 
 
 
 
 
 
 
 
 
 
 
 
 
 
 
 
 
 
 
 
 
 
 
 
 
 
 
 
 
 
 
 
 
 
 
 
 
 
 
 
 
 
 
 
 
 
 
 
 
 
 
 
 
 
 
 
 
 
 
				When & Where
			 
 
 
 
 
 
			Schedule an..."
 Blog about diving in Asia - Diving liveaboard in Thailand and Myanmar,https://www.thesmilingseahorse.com/blog/archives/11-2016,,"shark, ray, whale shark, nurse shark, blacktip, eagle ray","Richelieu Rock, Koh Lipe, Koh Phi Phi, Koh Lanta, Tarutao National Park, Black Rock, North Twin","
 
 
  Blog about diving in Asia - Diving liveaboard in Thailand and Myanmar 
 
 
 
 
 
 
 
 
 
 
 
 
 
 
 
 
 
 
 
 
 
 
 
 
 
 
 
 
 
 
 
 
 
 
 
 
 
 
 
 
 
 
 
 
 
 
 
 
 
 
 
 
 
 
 
 
 
 
 
 
 
 
 
 
 
 
 
 
 
 
 
 
 
 
 
 
 
 
 
 
 
 
 
 
 
 
 
 
				When & Where
			 
 
 
 
 
 
			Schedule an..."
 Blog about diving in Asia - Diving liveaboard in Thailand and Myanmar,https://www.thesmilingseahorse.com/blog/archives/05-2016,,"shark, ray, manta, mobula, whale shark, stingray","Richelieu Rock, Koh Bon, Koh Tachai, Koh Lipe, Koh Phi Phi, Koh Lanta, Tarutao National Park, Black Rock, North Twin, Shark Cave","
 
 
  Blog about diving in Asia - Diving liveaboard in Thailand and Myanmar 
 
 
 
 
 
 
 
 
 
 
 
 
 
 
 
 
 
 
 
 
 
 
 
 
 
 
 
 
 
 
 
 
 
 
 
 
 
 
 
 
 
 
 
 
 
 
 
 
 
 
 
 
 
 
 
 
 
 
 
 
 
 
 
 
 
 
 
 
 
 
 
 
 
 
 
 
 
 
 
 
 
 
 
 
 
 
 
 
				When & Where
			 
 
 
 
 
 
			Schedule an..."
 Blog about diving in Asia - Diving liveaboard in Thailand and Myanmar,https://www.thesmilingseahorse.com/blog/archives/03-2016,,"shark, ray, mobula, whale shark, stingray, eagle ray","Richelieu Rock, Koh Lipe, Koh Phi Phi, Koh Lanta, Tarutao National Park, Black Rock","
 
 
  Blog about diving in Asia - Diving liveaboard in Thailand and Myanmar 
 
 
 
 
 
 
 
 
 
 
 
 
 
 
 
 
 
 
 
 
 
 
 
 
 
 
 
 
 
 
 
 
 
 
 
 
 
 
 
 
 
 
 
 
 
 
 
 
 
 
 
 
 
 
 
 
 
 
 
 
 
 
 
 
 
 
 
 
 
 
 
 
 
 
 
 
 
 
 
 
 
 
 
 
 
 
 
 
				When & Where
			 
 
 
 
 
 
			Schedule an..."
 Blog about diving in Asia - Diving liveaboard in Thailand and Myanmar,https://www.thesmilingseahorse.com/blog/archives/02-2016,,"shark, ray, manta, whale shark, nurse shark, eagle ray","Richelieu Rock, Koh Lipe, Koh Phi Phi, Koh Lanta, Tarutao National Park, North Twin, Western Rocky, Sea Fan Forest","
 
 
  Blog about diving in Asia - Diving liveaboard in Thailand and Myanmar 
 
 
 
 
 
 
 
 
 
 
 
 
 
 
 
 
 
 
 
 
 
 
 
 
 
 
 
 
 
 
 
 
 
 
 
 
 
 
 
 
 
 
 
 
 
 
 
 
 
 
 
 
 
 
 
 
 
 
 
 
 
 
 
 
 
 
 
 
 
 
 
 
 
 
 
 
 
 
 
 
 
 
 
 
 
 
 
 
				When & Where
			 
 
 
 
 
 
			Schedule an..."
 Blog about diving in Asia - Diving liveaboard in Thailand and Myanmar,https://www.thesmilingseahorse.com/blog/archives/01-2016,,"shark, ray, manta, whale shark, nurse shark, stingray, eagle ray","Richelieu Rock, Koh Bon, Koh Tachai, Koh Lipe, Koh Phi Phi, Koh Lanta, Tarutao National Park, Black Rock, North Twin, South Twin, Western Rocky, High Rock, Shark Cave, Square Rock, Submarine","
 
 
  Blog about diving in Asia - Diving liveaboard in Thailand and Myanmar 
 
 
 
 
 
 
 
 
 
 
 
 
 
 
 
 
 
 
 
 
 
 
 
 
 
 
 
 
 
 
 
 
 
 
 
 
 
 
 
 
 
 
 
 
 
 
 
 
 
 
 
 
 
 
 
 
 
 
 
 
 
 
 
 
 
 
 
 
 
 
 
 
 
 
 
 
 
 
 
 
 
 
 
 
 
 
 
 
				When & Where
			 
 
 
 
 
 
			Schedule an..."
 Blog about diving in Asia - Diving liveaboard in Thailand and Myanmar,https://www.thesmilingseahorse.com/blog/archives/12-2015,,"shark, ray, whale shark, eagle ray","Richelieu Rock, Koh Lipe, Koh Phi Phi, Koh Lanta, Tarutao National Park, Black Rock, North Twin, South Twin, Western Rocky, Shark Cave, Macleod Island, Sea Fan Forest","
 
 
  Blog about diving in Asia - Diving liveaboard in Thailand and Myanmar 
 
 
 
 
 
 
 
 
 
 
 
 
 
 
 
 
 
 
 
 
 
 
 
 
 
 
 
 
 
 
 
 
 
 
 
 
 
 
 
 
 
 
 
 
 
 
 
 
 
 
 
 
 
 
 
 
 
 
 
 
 
 
 
 
 
 
 
 
 
 
 
 
 
 
 
 
 
 
 
 
 
 
 
 
 
 
 
 
				When & Where
			 
 
 
 
 
 
			Schedule an..."
 Blog about diving in Asia - Diving liveaboard in Thailand and Myanmar,https://www.thesmilingseahorse.com/blog/archives/11-2015,,"shark, ray, manta, whale shark, nurse shark","Richelieu Rock, Koh Lipe, Koh Phi Phi, Koh Lanta, Tarutao National Park, North Twin","
 
 
  Blog about diving in Asia - Diving liveaboard in Thailand and Myanmar 
 
 
 
 
 
 
 
 
 
 
 
 
 
 
 
 
 
 
 
 
 
 
 
 
 
 
 
 
 
 
 
 
 
 
 
 
 
 
 
 
 
 
 
 
 
 
 
 
 
 
 
 
 
 
 
 
 
 
 
 
 
 
 
 
 
 
 
 
 
 
 
 
 
 
 
 
 
 
 
 
 
 
 
 
 
 
 
 
				When & Where
			 
 
 
 
 
 
			Schedule an..."
 Blog about diving in Asia - Diving liveaboard in Thailand and Myanmar,https://www.thesmilingseahorse.com/blog/archives/10-2015,,"shark, ray, manta, whale shark","Richelieu Rock, Koh Lipe, Koh Phi Phi, Koh Lanta, Tarutao National Park, Black Rock","
 
 
  Blog about diving in Asia - Diving liveaboard in Thailand and Myanmar 
 
 
 
 
 
 
 
 
 
 
 
 
 
 
 
 
 
 
 
 
 
 
 
 
 
 
 
 
 
 
 
 
 
 
 
 
 
 
 
 
 
 
 
 
 
 
 
 
 
 
 
 
 
 
 
 
 
 
 
 
 
 
 
 
 
 
 
 
 
 
 
 
 
 
 
 
 
 
 
 
 
 
 
 
 
 
 
 
				When & Where
			 
 
 
 
 
 
			Schedule an..."
 Blog about diving in Asia - Diving liveaboard in Thailand and Myanmar,https://www.thesmilingseahorse.com/blog/archives/09-2015,,"shark, whale shark","Richelieu Rock, Koh Lipe, Koh Phi Phi, Koh Lanta, Tarutao National Park","
 
 
  Blog about diving in Asia - Diving liveaboard in Thailand and Myanmar 
 
 
 
 
 
 
 
 
 
 
 
 
 
 
 
 
 
 
 
 
 
 
 
 
 
 
 
 
 
 
 
 
 
 
 
 
 
 
 
 
 
 
 
 
 
 
 
 
 
 
 
 
 
 
 
 
 
 
 
 
 
 
 
 
 
 
 
 
 
 
 
 
 
 
 
 
 
 
 
 
 
 
 
 
 
 
 
				When & Where
			 
 
 
 
 
 
			Schedule and ..."
 Blog about diving in Asia - Diving liveaboard in Thailand and Myanmar,https://www.thesmilingseahorse.com/blog/archives/03-2015,,"shark, manta, whale shark","Richelieu Rock, Koh Lipe, Koh Phi Phi, Koh Lanta, Tarutao National Park, Black Rock","
 
 
  Blog about diving in Asia - Diving liveaboard in Thailand and Myanmar 
 
 
 
 
 
 
 
 
 
 
 
 
 
 
 
 
 
 
 
 
 
 
 
 
 
 
 
 
 
 
 
 
 
 
 
 
 
 
 
 
 
 
 
 
 
 
 
 
 
 
 
 
 
 
 
 
 
 
 
 
 
 
 
 
 
 
 
 
 
 
 
 
 
 
 
 
 
 
 
 
 
 
 
 
 
 
 
 
				When & Where
			 
 
 
 
 
 
			Schedule an..."
 Blog about diving in Asia - Diving liveaboard in Thailand and Myanmar,https://www.thesmilingseahorse.com/blog/archives/02-2015,,"shark, ray, whale shark, nurse shark, stingray, eagle ray","Richelieu Rock, Koh Lipe, Koh Phi Phi, Koh Lanta, Tarutao National Park","
 
 
  Blog about diving in Asia - Diving liveaboard in Thailand and Myanmar 
 
 
 
 
 
 
 
 
 
 
 
 
 
 
 
 
 
 
 
 
 
 
 
 
 
 
 
 
 
 
 
 
 
 
 
 
 
 
 
 
 
 
 
 
 
 
 
 
 
 
 
 
 
 
 
 
 
 
 
 
 
 
 
 
 
 
 
 
 
 
 
 
 
 
 
 
 
 
 
 
 
 
 
 
 
 
 
 
				When & Where
			 
 
 
 
 
 
			Schedule an..."
 Blog about diving in Asia - Diving liveaboard in Thailand and Myanmar,https://www.thesmilingseahorse.com/blog/archives/01-2015,,"shark, ray, manta, whale shark, nurse shark, eagle ray","Richelieu Rock, Koh Tachai, Koh Lipe, Koh Phi Phi, Koh Lanta, Tarutao National Park","
 
 
  Blog about diving in Asia - Diving liveaboard in Thailand and Myanmar 
 
 
 
 
 
 
 
 
 
 
 
 
 
 
 
 
 
 
 
 
 
 
 
 
 
 
 
 
 
 
 
 
 
 
 
 
 
 
 
 
 
 
 
 
 
 
 
 
 
 
 
 
 
 
 
 
 
 
 
 
 
 
 
 
 
 
 
 
 
 
 
 
 
 
 
 
 
 
 
 
 
 
 
 
 
 
 
 
				When & Where
			 
 
 
 
 
 
			Schedule an..."
 Blog about diving in Asia - Diving liveaboard in Thailand and Myanmar,https://www.thesmilingseahorse.com/blog/archives/12-2014,,"shark, ray, whale shark, nurse shark, stingray","Richelieu Rock, Koh Lipe, Koh Phi Phi, Koh Lanta, Tarutao National Park, Black Rock","
 
 
  Blog about diving in Asia - Diving liveaboard in Thailand and Myanmar 
 
 
 
 
 
 
 
 
 
 
 
 
 
 
 
 
 
 
 
 
 
 
 
 
 
 
 
 
 
 
 
 
 
 
 
 
 
 
 
 
 
 
 
 
 
 
 
 
 
 
 
 
 
 
 
 
 
 
 
 
 
 
 
 
 
 
 
 
 
 
 
 
 
 
 
 
 
 
 
 
 
 
 
 
 
 
 
 
				When & Where
			 
 
 
 
 
 
			Schedule an..."
 Blog about diving in Asia - Diving liveaboard in Thailand and Myanmar,https://www.thesmilingseahorse.com/blog/archives/11-2014,,"shark, ray, manta, whale shark, reef shark","Richelieu Rock, Koh Tachai, Koh Lipe, Koh Phi Phi, Koh Lanta, Tarutao National Park, North Twin, Shark Cave","
 
 
  Blog about diving in Asia - Diving liveaboard in Thailand and Myanmar 
 
 
 
 
 
 
 
 
 
 
 
 
 
 
 
 
 
 
 
 
 
 
 
 
 
 
 
 
 
 
 
 
 
 
 
 
 
 
 
 
 
 
 
 
 
 
 
 
 
 
 
 
 
 
 
 
 
 
 
 
 
 
 
 
 
 
 
 
 
 
 
 
 
 
 
 
 
 
 
 
 
 
 
 
 
 
 
 
				When & Where
			 
 
 
 
 
 
			Schedule an..."
 Blog about diving in Asia - Diving liveaboard in Thailand and Myanmar,https://www.thesmilingseahorse.com/blog/archives/10-2014,,"shark, whale shark","Richelieu Rock, Koh Lipe, Koh Phi Phi, Koh Lanta, Tarutao National Park","
 
 
  Blog about diving in Asia - Diving liveaboard in Thailand and Myanmar 
 
 
 
 
 
 
 
 
 
 
 
 
 
 
 
 
 
 
 
 
 
 
 
 
 
 
 
 
 
 
 
 
 
 
 
 
 
 
 
 
 
 
 
 
 
 
 
 
 
 
 
 
 
 
 
 
 
 
 
 
 
 
 
 
 
 
 
 
 
 
 
 
 
 
 
 
 
 
 
 
 
 
 
 
 
 
 
 
				When & Where
			 
 
 
 
 
 
			Schedule an..."
 Blog about diving in Asia - Diving liveaboard in Thailand and Myanmar,https://www.thesmilingseahorse.com/blog/archives/09-2014,,"shark, manta, whale shark","Richelieu Rock, Koh Bon, Koh Tachai, Koh Lipe, Koh Phi Phi, Koh Lanta, Tarutao National Park","
 
 
  Blog about diving in Asia - Diving liveaboard in Thailand and Myanmar 
 
 
 
 
 
 
 
 
 
 
 
 
 
 
 
 
 
 
 
 
 
 
 
 
 
 
 
 
 
 
 
 
 
 
 
 
 
 
 
 
 
 
 
 
 
 
 
 
 
 
 
 
 
 
 
 
 
 
 
 
 
 
 
 
 
 
 
 
 
 
 
 
 
 
 
 
 
 
 
 
 
 
 
 
 
 
 
 
				When & Where
			 
 
 
 
 
 
			Schedule an..."
 Blog about diving in Asia - Diving liveaboard in Thailand and Myanmar,https://www.thesmilingseahorse.com/blog/archives/03-2014,,"shark, ray, manta, mobula, whale shark, reef shark, nurse shark, eagle ray","Richelieu Rock, Koh Bon, Koh Tachai, Koh Lipe, Koh Phi Phi, Koh Lanta, Tarutao National Park, Black Rock, North Twin, Western Rocky, High Rock, Shark Cave, Stewart Island","
 
 
  Blog about diving in Asia - Diving liveaboard in Thailand and Myanmar 
 
 
 
 
 
 
 
 
 
 
 
 
 
 
 
 
 
 
 
 
 
 
 
 
 
 
 
 
 
 
 
 
 
 
 
 
 
 
 
 
 
 
 
 
 
 
 
 
 
 
 
 
 
 
 
 
 
 
 
 
 
 
 
 
 
 
 
 
 
 
 
 
 
 
 
 
 
 
 
 
 
 
 
 
 
 
 
 
				When & Where
			 
 
 
 
 
 
			Schedule an..."
 Blog about diving in Asia - Diving liveaboard in Thailand and Myanmar,https://www.thesmilingseahorse.com/blog/archives/09-2013,,"shark, ray, manta, whale shark, nurse shark","Richelieu Rock, Koh Lipe, Koh Phi Phi, Koh Lanta, Tarutao National Park, Black Rock, High Rock","
 
 
  Blog about diving in Asia - Diving liveaboard in Thailand and Myanmar 
 
 
 
 
 
 
 
 
 
 
 
 
 
 
 
 
 
 
 
 
 
 
 
 
 
 
 
 
 
 
 
 
 
 
 
 
 
 
 
 
 
 
 
 
 
 
 
 
 
 
 
 
 
 
 
 
 
 
 
 
 
 
 
 
 
 
 
 
 
 
 
 
 
 
 
 
 
 
 
 
 
 
 
 
 
 
 
 
				When & Where
			 
 
 
 
 
 
			Schedule an..."
 Blog about diving in Asia - Diving liveaboard in Thailand and Myanmar,https://www.thesmilingseahorse.com/blog/archives/05-2013,,"shark, ray, whale shark, reef shark, stingray","Richelieu Rock, Koh Lipe, Koh Phi Phi, Koh Lanta, Tarutao National Park, Western Rocky, Square Rock, Volcano, Sea Fan Forest","
 
 
  Blog about diving in Asia - Diving liveaboard in Thailand and Myanmar 
 
 
 
 
 
 
 
 
 
 
 
 
 
 
 
 
 
 
 
 
 
 
 
 
 
 
 
 
 
 
 
 
 
 
 
 
 
 
 
 
 
 
 
 
 
 
 
 
 
 
 
 
 
 
 
 
 
 
 
 
 
 
 
 
 
 
 
 
 
 
 
 
 
 
 
 
 
 
				When & Where
			 
 
 
 
 
 
			Schedule and Prices
		 
 
 
 
 ..."
 Blog about diving in Asia - Diving liveaboard in Thailand and Myanmar,https://www.thesmilingseahorse.com/blog/archives/12-2012,,"shark, ray, manta, mobula, whale shark, nurse shark, stingray, eagle ray","Richelieu Rock, Koh Bon, Koh Tachai, Koh Lipe, Koh Phi Phi, Koh Lanta, Tarutao National Park, Black Rock, Western Rocky, Shark Cave","
 
 
  Blog about diving in Asia - Diving liveaboard in Thailand and Myanmar 
 
 
 
 
 
 
 
 
 
 
 
 
 
 
 
 
 
 
 
 
 
 
 
 
 
 
 
 
 
 
 
 
 
 
 
 
 
 
 
 
 
 
 
 
 
 
 
 
 
 
 
 
 
 
 
 
 
 
 
 
 
 
 
 
 
 
 
 
 
 
 
 
 
 
 
 
 
 
 
 
 
 
 
 
 
 
 
 
				When & Where
			 
 
 
 
 
 
			Schedule an..."
 Blog about diving in Asia - Diving liveaboard in Thailand and Myanmar,https://www.thesmilingseahorse.com/blog/archives/11-2012,,"shark, ray, manta, whale shark, reef shark, nurse shark, stingray, eagle ray","Koh Chi, Richelieu Rock, Koh Lipe, Koh Phi Phi, Koh Lanta, Tarutao National Park, North Twin, South Twin, Western Rocky, High Rock, Shark Cave, Volcano, Sea Fan Forest","
 
 
  Blog about diving in Asia - Diving liveaboard in Thailand and Myanmar 
 
 
 
 
 
 
 
 
 
 
 
 
 
 
 
 
 
 
 
 
 
 
 
 
 
 
 
 
 
 
 
 
 
 
 
 
 
 
 
 
 
 
 
 
 
 
 
 
 
 
 
 
 
 
 
 
 
 
 
 
 
 
 
 
 
 
 
 
 
 
 
 
 
 
 
 
 
 
				When & Where
			 
 
 
 
 
 
			Schedule and Prices
		 
 
 
 
 ..."
 Blog about diving in Asia - Diving liveaboard in Thailand and Myanmar,https://www.thesmilingseahorse.com/blog/archives/07-2012,,"shark, ray, whale shark, nurse shark","Richelieu Rock, Koh Lipe, Koh Phi Phi, Koh Lanta, Tarutao National Park, Black Rock, Western Rocky, Shark Cave","
 
 
  Blog about diving in Asia - Diving liveaboard in Thailand and Myanmar 
 
 
 
 
 
 
 
 
 
 
 
 
 
 
 
 
 
 
 
 
 
 
 
 
 
 
 
 
 
 
 
 
 
 
 
 
 
 
 
 
 
 
 
 
 
 
 
 
 
 
 
 
 
 
 
 
 
 
 
 
 
 
 
 
 
 
 
 
 
 
 
 
 
 
 
 
 
 
				When & Where
			 
 
 
 
 
 
			Schedule and Prices
		 
 
 
 
 ..."
 Blog about diving in Asia - Diving liveaboard in Thailand and Myanmar,https://www.thesmilingseahorse.com/blog/archives/04-2012,,"shark, manta, whale shark","Richelieu Rock, Koh Bon, Koh Tachai, Koh Lipe, Koh Phi Phi, Koh Lanta, Tarutao National Park","
 
 
  Blog about diving in Asia - Diving liveaboard in Thailand and Myanmar 
 
 
 
 
 
 
 
 
 
 
 
 
 
 
 
 
 
 
 
 
 
 
 
 
 
 
 
 
 
 
 
 
 
 
 
 
 
 
 
 
 
 
 
 
 
 
 
 
 
 
 
 
 
 
 
 
 
 
 
 
 
 
 
 
 
 
 
 
 
 
 
 
 
 
 
 
 
 
 
 
 
 
 
 
 
 
 
 
				When & Where
			 
 
 
 
 
 
			Schedule an..."
